-- phpMyAdmin SQL Dump
-- version 4.7.0
-- https://www.phpmyadmin.net/
--
-- Host: 127.0.0.1
-- Generation Time: Feb 16, 2019 at 10:41 AM
-- Server version: 10.1.25-MariaDB
-- PHP Version: 5.6.31

SET SQL_MODE = "NO_AUTO_VALUE_ON_ZERO";
SET AUTOCOMMIT = 0;
START TRANSACTION;
SET time_zone = "+00:00";


/*!40101 SET @OLD_CHARACTER_SET_CLIENT=@@CHARACTER_SET_CLIENT */;
/*!40101 SET @OLD_CHARACTER_SET_RESULTS=@@CHARACTER_SET_RESULTS */;
/*!40101 SET @OLD_COLLATION_CONNECTION=@@COLLATION_CONNECTION */;
/*!40101 SET NAMES utf8mb4 */;

--
-- Database: `resnlight`
--

-- --------------------------------------------------------

--
-- Table structure for table `barang`
--

CREATE TABLE `barang` (
  `id_barang` char(5) NOT NULL,
  `nama_barang` varchar(100) NOT NULL,
  `id_kategori` int(11) NOT NULL,
  `stok` int(11) NOT NULL,
  `harga_beli` varchar(100) NOT NULL,
  `harga_jual` varchar(100) NOT NULL,
  `date_added` timestamp NOT NULL DEFAULT CURRENT_TIMESTAMP ON UPDATE CURRENT_TIMESTAMP
) ENGINE=InnoDB DEFAULT CHARSET=latin1;

--
-- Dumping data for table `barang`
--

INSERT INTO `barang` (`id_barang`, `nama_barang`, `id_kategori`, `stok`, `harga_beli`, `harga_jual`, `date_added`) VALUES
('B0001', 'Ts- Hoodie', 15, 68, '70000', '150000', '2018-12-19 11:56:45'),
('B0002', 'Mtv vs', 18, 22, '50000', '120000', '2018-08-23 10:04:42'),
('B0003', 'Type Nca', 18, 7, '50000', '120000', '2018-11-20 12:00:43'),
('B0004', 'Chn King', 18, 13, '50000', '120000', '2018-12-28 04:20:34'),
('B0005', 'Pwr Rgr', 18, 13, '50000', '120000', '2019-01-20 13:41:38'),
('B0006', 'Chn Fck B', 18, 0, '50000', '120000', '2019-02-03 13:56:30'),
('B0007', 'Winner', 18, 22, '50000', '120000', '2018-08-14 13:03:46'),
('B0008', 'Resist Trm', 18, 1, '50000', '120000', '2019-01-20 04:49:20'),
('B0009', 'Box ckrbrd', 18, 9, '50000', '120000', '2018-12-24 13:03:48'),
('B0010', 'Ltn Nce', 18, 7, '50000', '120000', '2018-11-28 13:38:18'),
('B0011', 'Outln Ckbr', 18, 16, '50000', '120000', '2018-09-28 13:22:49'),
('B0012', 'And Co', 18, 15, '50000', '120000', '2018-09-02 10:04:23'),
('B0013', 'Dgtl', 18, 17, '50000', '120000', '2018-10-17 14:55:16'),
('B0014', 'Hot Wills', 18, 19, '50000', '120000', '2018-08-14 13:12:30'),
('B0015', 'Astrn B', 18, 6, '50000', '120000', '2019-02-03 06:19:48'),
('B0016', 'Astrn W', 18, 5, '50000', '120000', '2019-02-02 13:37:09'),
('B0017', 'M71', 18, 1, '50000', '120000', '2019-01-27 02:59:35'),
('B0018', 'Pop Ckbr', 18, 0, '50000', '120000', '2019-01-27 05:07:31'),
('B0019', 'Os Tgr', 18, 11, '50000', '120000', '2019-01-19 05:47:21'),
('B0020', 'Smpl Type', 18, 0, '50000', '120000', '2018-12-22 04:51:11'),
('B0021', 'Authn', 18, 5, '50000', '120000', '2019-01-23 11:50:01'),
('B0022', 'Outln Pn', 18, 11, '50000', '120000', '2018-10-12 14:57:34'),
('B0023', 'Indosin', 18, 5, '50000', '120000', '2019-02-01 09:16:11'),
('B0024', 'Linear', 18, 18, '50000', '120000', '2018-12-28 14:21:40'),
('B0025', 'Spray Type', 18, 1, '50000', '120000', '2018-11-14 13:48:38'),
('B0026', 'Nce Fonttype', 18, 12, '50000', '120000', '2018-08-21 19:36:06'),
('B0027', 'RSNLG', 18, 22, '50000', '120000', '2018-10-29 13:34:36'),
('B0028', 'Pace Krt', 18, 22, '50000', '120000', '2018-08-19 10:47:29'),
('B0029', 'Typemaro', 18, 22, '50000', '120000', '2018-08-14 13:27:11'),
('B0030', 'Dbl Linear', 18, 12, '50000', '120000', '2019-01-23 11:49:22'),
('B0031', 'Type Dnt', 18, 8, '50000', '120000', '2019-01-25 07:55:49'),
('B0032', 'Bigrsn', 18, 21, '50000', '120000', '2018-08-14 14:10:32'),
('B0039', 'LSW009', 18, 217, '45000', '120000', '2019-02-14 15:16:14'),
('B0040', 'Blds B', 20, 1, '85000', '200000', '2019-02-14 15:15:21'),
('B0041', 'FRDY R', 20, 14, '85000', '200000', '2019-02-04 06:29:01'),
('B0042', 'FRDY B', 20, 11, '85000', '200000', '2018-08-14 14:12:56'),
('B0043', 'Coach Army', 16, 2, '95000', '200000', '2019-02-01 09:16:18'),
('B0044', 'JEANS LBGO BLACK', 21, 10, '95000', '250000', '2019-02-14 15:16:41'),
('B0045', 'JEANS BLTZ LBL ', 21, 12, '95000', '230000', '2019-01-23 04:31:40'),
('B0046', 'All hat', 17, 33, '40000', '100000', '2019-02-15 11:54:08'),
('B0047', 'Sprm B/R', 22, 18, '55000', '120000', '2018-12-15 14:14:10'),
('B0048', 'Dbl Pach', 22, 0, '60000', '130000', '2018-12-10 03:29:01'),
('B0049', 'WBLWS', 22, 7, '50000', '100000', '2019-02-14 15:15:49'),
('B0051', 'Scrms', 20, 1, '85000', '200000', '2018-10-04 12:49:14'),
('B0052', 'Coach Csm', 16, 12, '100000', '200000', '2018-12-19 08:01:44'),
('B0053', 'All Hodters', 19, 14, '110000', '250000', '2019-02-14 15:09:23'),
('B0054', 'All Watrs', 11, 7, '75000', '150000', '2018-12-09 12:14:28'),
('B0056', 'Summer Slr', 18, 0, '50000', '130000', '2019-02-14 15:17:58'),
('B0057', 'Hellcream', 18, 12, '50000', '120000', '2019-01-25 07:55:19'),
('B0058', 'Mtv KKS', 18, 17, '50000', '120000', '2018-08-31 11:48:31'),
('B0059', 'Shirt RSN', 23, 18, '70', '150000', '2019-01-23 04:32:08'),
('B0062', 'Goku', 18, 13, '45000', '120000', '2018-09-26 11:36:11'),
('B0063', 'M71 TYPE', 18, 14, '45000', '120000', '2019-02-03 08:55:22'),
('B0064', 'WILLBAL', 18, 19, '45000', '120000', '2018-12-24 10:06:53'),
('B0065', 'OneProject', 2, 17, '95000', '200000', '2019-02-14 15:05:25'),
('B0066', 'Cargo OneProject', 2, 22, '85000', '165000', '2018-11-20 15:10:06'),
('B0067', 'RSN Dream', 25, 7, '120000', '250000', '2019-01-26 07:39:25'),
('B0068', 'Chaines Fvck', 25, 7, '120000', '250000', '2019-02-14 15:13:11'),
('B0069', 'Pop Art Women', 25, 10, '120000', '250000', '2018-12-16 10:07:05'),
('B0070', 'Plangi', 18, 5, '50000', '120000', '2019-01-25 07:55:56'),
('B0071', 'Colrec Black', 18, 18, '50000', '120000', '2019-01-13 12:28:49'),
('B0072', 'RSN Imposible', 18, 4, '50000', '120000', '2018-12-22 12:14:40'),
('B0073', 'Colred', 18, 18, '50000', '120000', '2019-01-09 10:50:09'),
('B0074', 'Box Fuck', 18, 1, '50000', '120000', '2018-12-11 05:36:15'),
('B0075', 'Um OKE ', 18, 16, '50000', '120000', '2019-01-03 13:41:49'),
('B0076', 'THINKING', 18, 14, '50000', '120000', '2019-01-11 14:52:41'),
('B0077', 'Women 1993', 18, 7, '50000', '120000', '2018-12-28 07:02:15'),
('B0078', 'Rsnlght Black', 18, 7, '50000', '120000', '2019-02-03 08:55:01'),
('B0079', 'Rsnlght White', 18, 8, '50000', '120000', '2018-12-11 05:39:28'),
('B0080', 'Sups-Stik', 18, 6, '50000', '120000', '2019-01-12 14:27:27'),
('B0081', 'Colrec White', 18, 18, '50000', '120000', '2018-12-11 05:41:13'),
('B0082', 'Damn Magenta', 18, 3, '50000', '120000', '2018-12-16 09:04:05'),
('B0083', 'Vns Cekerboard', 20, 8, '80000', '230000', '2019-01-02 15:51:22'),
('B0084', 'App Cekerboard', 20, 5, '80000', '230000', '2019-02-01 09:17:16'),
('B0085', 'WB Tranmision ', 22, 10, '40000', '130000', '2019-01-27 13:20:37'),
('B0086', 'WB Kick n Ceker', 22, 4, '50000', '130000', '2019-02-14 15:11:04'),
('B0087', 'WB Full Cekerboard', 22, 9, '50000', '130000', '2019-01-11 13:26:07'),
('B0088', 'Simpeltrec', 22, 2, '50000', '130000', '2019-02-14 15:17:40'),
('B0089', 'Journey', 25, 14, '120000', '250000', '2019-02-14 15:18:17'),
('B0090', 'Redtoun ', 25, 14, '120000', '250000', '2019-02-14 15:11:39'),
('B0091', 'DreamChaines', 25, 5, '120000', '250000', '2019-02-14 15:10:12'),
('B0092', 'All Hodleav', 25, 11, '110000', '200000', '2019-02-14 15:10:01'),
('B0093', 'Plamenggo', 18, 29, '45000', '120000', '2019-02-04 06:31:55'),
('B0094', 'Chn 1993 BK', 18, 22, '45000', '120000', '2019-01-24 02:20:35'),
('B0095', 'Outlen BK', 18, 20, '45000', '120000', '2019-01-17 11:22:25'),
('B0096', 'Outlen WT', 18, 19, '45000', '120000', '2019-02-14 15:05:50'),
('B0097', 'Tees Journey', 18, 22, '45000', '120000', '2019-02-15 15:29:59'),
('B0098', 'Women CK', 18, 21, '45000', '120000', '2019-01-17 11:23:46'),
('B0099', 'Chn 1993 WT', 18, 30, '45000', '120000', '2019-01-17 11:24:32'),
('B0100', 'Type Brush', 18, 20, '45000', '120000', '2019-01-17 11:29:17'),
('B0101', 'Slr Plamenggo', 18, 30, '45000', '130000', '2019-01-17 11:25:32'),
('B0102', 'Slr Rospink', 18, 30, '45000', '130000', '2019-01-17 11:27:00'),
('B0103', 'Rospink WT', 18, 28, '45000', '120000', '2019-02-14 15:14:01'),
('B0104', 'Nirvin', 18, 29, '45000', '120000', '2019-02-14 15:15:33'),
('B0105', 'sweater Jimnav', 26, 25, '130000', '250000', '2019-02-15 11:41:49');

-- --------------------------------------------------------

--
-- Table structure for table `kategori`
--

CREATE TABLE `kategori` (
  `id_kategori` int(11) NOT NULL,
  `nama_kategori` varchar(100) NOT NULL
) ENGINE=InnoDB DEFAULT CHARSET=latin1;

--
-- Dumping data for table `kategori`
--

INSERT INTO `kategori` (`id_kategori`, `nama_kategori`) VALUES
(2, 'Chinos Premium'),
(4, '5 Planel FP'),
(11, 'Watch RL'),
(15, 'T-s Hoodie'),
(16, 'Jaket'),
(17, 'Hat'),
(18, 'T-shirt'),
(19, 'Sweater'),
(20, 'Bag Pack'),
(21, 'Jeans'),
(22, 'Wasit Bag'),
(23, 'Shirt'),
(24, ''),
(25, 'Hoodie'),
(26, 'Jimper');

-- --------------------------------------------------------

--
-- Table structure for table `sub_transaksi`
--

CREATE TABLE `sub_transaksi` (
  `id_subtransaksi` int(11) NOT NULL,
  `id_barang` char(5) NOT NULL,
  `id_transaksi` int(11) NOT NULL,
  `jumlah_beli` int(11) NOT NULL,
  `total_harga` varchar(20) NOT NULL,
  `no_invoice` varchar(20) NOT NULL,
  `bayar` double NOT NULL,
  `diskon` double NOT NULL
) ENGINE=InnoDB DEFAULT CHARSET=latin1;

--
-- Dumping data for table `sub_transaksi`
--

INSERT INTO `sub_transaksi` (`id_subtransaksi`, `id_barang`, `id_transaksi`, `jumlah_beli`, `total_harga`, `no_invoice`, `bayar`, `diskon`) VALUES
(87, 'B0015', 60, 1, '120000', '14/AF/2/18/04/32/39', 216000, 20),
(88, 'B0037', 60, 1, '150000', '14/AF/2/18/04/32/39', 216000, 20),
(89, 'B0048', 61, 1, '130000', '16/AF/2/18/07/09/57', 250000, 0),
(90, 'B0021', 61, 1, '120000', '16/AF/2/18/07/09/57', 250000, 0),
(91, 'B0039', 62, 1, '120000', '16/AF/2/18/07/44/24', 84000, 30),
(92, 'B0006', 63, 1, '120000', '16/AF/2/18/08/15/07', 120000, 0),
(93, 'B0025', 64, 1, '120000', '17/AF/2/18/05/48/35', 120000, 0),
(94, 'B0008', 65, 1, '120000', '17/AF/2/18/10/19/49', 320000, 0),
(95, 'B0053', 65, 1, '200000', '17/AF/2/18/10/19/49', 320000, 0),
(96, 'B0055', 66, 1, '100000', '17/AF/2/18/10/30/59', 80000, 20),
(97, 'B0035', 68, 1, '150000', '17/AF/2/18/11/06/30', 150000, 0),
(98, 'B0039', 69, 1, '120000', '19/AF/2/18/01/26/26', 84000, 30),
(99, 'B0003', 70, 1, '120000', '19/AF/2/18/01/26/59', 120000, 0),
(100, 'B0017', 71, 1, '120000', '19/AF/2/18/03/27/07', 120000, 0),
(101, 'B0039', 72, 1, '120000', '19/AF/2/18/05/59/47', 84000, 30),
(102, 'B0039', 73, 1, '120000', '19/AF/2/18/06/02/59', 108000, 10),
(103, 'B0039', 74, 2, '240000', '19/AF/2/18/08/18/02', 192000, 20),
(104, 'B0035', 75, 1, '150000', '19/AF/2/18/09/02/38', 150000, 0),
(105, 'B0047', 76, 1, '120000', '19/AF/2/18/10/49/58', 200000, 0),
(106, 'B0039', 77, 2, '240000', '19/AF/2/18/12/03/25', 170000, 30),
(107, 'B0028', 78, 1, '120000', '19/AF/2/18/12/47/50', 120000, 0),
(108, 'B0039', 79, 1, '120000', '19/AF/2/18/03/45/36', 85000, 30),
(109, 'B0055', 80, 1, '100000', '19/AF/2/18/03/49/45', 80000, 20),
(110, 'B0006', 81, 1, '120000', '20/AF/2/18/09/17/22', 200000, 0),
(111, 'B0015', 82, 1, '120000', '20/AF/2/18/09/18/59', 150000, 0),
(112, 'B0002', 83, 1, '120000', '20/AF/2/18/04/29/05', 120000, 0),
(113, 'B0023', 84, 1, '120000', '20/AF/2/18/04/54/35', 120000, 0),
(114, 'B0022', 85, 1, '120000', '22/AF/2/18/12/31/35', 120000, 0),
(115, 'B0035', 86, 1, '150000', '21/AF/2/18/06/05/09', 150000, 0),
(116, 'B0031', 87, 1, '120000', '21/AF/2/18/06/54/14', 120000, 0),
(117, 'B0039', 88, 2, '240000', '21/AF/2/18/08/50/08', 168000, 30),
(118, 'B0039', 89, 2, '240000', '21/AF/2/18/08/56/37', 168000, 30),
(119, 'B0053', 90, 1, '200000', '21/AF/2/18/09/00/05', 200000, 0),
(120, 'B0039', 91, 1, '120000', '21/AF/2/18/09/35/22', 84000, 30),
(121, 'B0026', 92, 1, '120000', '21/AF/2/18/09/36/28', 120000, 0),
(122, 'B0031', 93, 1, '120000', '21/AF/2/18/10/24/18', 120000, 0),
(123, 'B0047', 94, 1, '120000', '22/AF/2/18/10/48/02', 120000, 0),
(124, 'B0039', 95, 1, '120000', '22/AF/2/18/10/48/36', 108000, 10),
(125, 'B0039', 96, 1, '120000', '22/AF/2/18/10/49/08', 84000, 30),
(126, 'B0039', 97, 1, '120000', '22/AF/2/18/12/58/31', 84000, 30),
(127, 'B0016', 98, 1, '120000', '22/AF/2/18/03/06/29', 120000, 0),
(128, 'B0039', 99, 1, '120000', '22/AF/2/18/03/11/40', 84000, 30),
(129, 'B0020', 100, 1, '120000', '22/AF/2/18/06/47/15', 120000, 0),
(130, 'B0039', 101, 1, '120000', '22/AF/2/18/06/58/22', 300000, 20),
(131, 'B0037', 101, 1, '150000', '22/AF/2/18/06/58/22', 300000, 20),
(132, 'B0002', 102, 1, '120000', '23/AF/2/18/12/05/18', 120000, 0),
(133, 'B0043', 103, 1, '200000', '23/AF/2/18/05/18/59', 350000, 0),
(134, 'B0004', 103, 1, '120000', '23/AF/2/18/05/18/59', 350000, 0),
(135, 'B0027', 104, 1, '120000', '23/AF/2/18/06/47/45', 120000, 0),
(136, 'B0039', 105, 1, '120000', '24/AF/2/18/04/55/23', 100000, 20),
(137, 'B0006', 106, 1, '120000', '24/AF/2/18/05/06/54', 240000, 0),
(138, 'B0001', 106, 1, '120000', '24/AF/2/18/05/06/54', 240000, 0),
(139, 'B0043', 107, 1, '200000', '24/AF/2/18/06/02/51', 200000, 0),
(140, 'B0043', 108, 1, '200000', '24/AF/2/18/06/26/25', 200000, 0),
(141, 'B0039', 109, 3, '360000', '24/AF/2/18/06/27/41', 288000, 20),
(142, 'B0039', 110, 1, '120000', '24/AF/2/18/07/53/18', 96000, 20),
(143, 'B0035', 111, 1, '150000', '25/AF/2/18/02/25/15', 150000, 0),
(144, 'B0001', 112, 1, '120000', '25/AF/2/18/05/42/59', 120000, 0),
(145, 'B0039', 113, 1, '120000', '25/AF/2/18/08/04/12', 85000, 30),
(146, 'B0053', 114, 1, '200000', '26/AF/2/18/09/52/29', 320000, 0),
(147, 'B0001', 114, 1, '120000', '26/AF/2/18/09/52/29', 320000, 0),
(148, 'B0035', 115, 1, '150000', '26/AF/2/18/10/31/12', 150000, 0),
(149, 'B0001', 116, 1, '120000', '26/AF/2/18/02/42/59', 120000, 0),
(150, 'B0043', 117, 1, '200000', '26/AF/2/18/03/17/55', 200000, 0),
(151, 'B0047', 118, 1, '120000', '26/AF/2/18/03/33/51', 120000, 0),
(152, 'B0039', 119, 1, '120000', '26/AF/2/18/04/12/16', 100000, 20),
(153, 'B0017', 120, 1, '120000', '26/AF/2/18/04/21/07', 150000, 0),
(154, 'B0050', 121, 1, '100000', '27/AF/2/18/10/05/38', 100000, 0),
(155, 'B0039', 122, 1, '120000', '27/AF/2/18/10/15/04', 100000, 30),
(156, 'B0049', 123, 1, '90000', '27/AF/2/18/05/25/40', 90000, 0),
(157, 'B0039', 124, 1, '120000', '29/AF/2/18/07/56/19', 250000, 10),
(158, 'B0037', 124, 1, '150000', '29/AF/2/18/07/56/19', 250000, 10),
(159, 'B0003', 125, 1, '120000', '30/AF/2/18/03/51/40', 150000, 0),
(160, 'B0001', 126, 1, '120000', '30/AF/2/18/05/48/52', 120000, 0),
(161, 'B0049', 127, 1, '90000', '30/AF/2/18/06/37/14', 90000, 0),
(162, 'B0016', 128, 1, '120000', '31/AF/2/18/11/53/55', 150000, 0),
(163, 'B0001', 129, 1, '120000', '31/AF/2/18/04/21/25', 150000, 0),
(164, 'B0048', 130, 1, '130000', '31/AF/2/18/04/58/23', 130000, 0),
(165, 'B0053', 131, 1, '200000', '01/AF/2/18/05/33/26', 200000, 0),
(166, 'B0043', 132, 1, '200000', '01/AF/2/18/05/41/09', 200000, 0),
(167, 'B0037', 133, 1, '150000', '01/AF/2/18/07/09/47', 150000, 0),
(168, 'B0012', 134, 1, '120000', '02/AF/2/18/12/04/35', 120000, 0),
(169, 'B0019', 135, 1, '120000', '02/AF/2/18/04/04/55', 250000, 0),
(170, 'B0016', 135, 1, '120000', '02/AF/2/18/04/04/55', 250000, 0),
(171, 'B0039', 136, 1, '120000', '02/AF/2/18/05/52/32', 96000, 20),
(172, 'B0020', 137, 1, '120000', '03/AF/2/18/12/15/52', 270000, 0),
(173, 'B0034', 137, 1, '150000', '03/AF/2/18/12/15/52', 270000, 0),
(174, 'B0021', 138, 1, '120000', '04/AF/2/18/08/04/51', 120000, 0),
(175, 'B0039', 139, 2, '200000', '04/AF/2/18/02/08/29', 200000, 0),
(176, 'B0039', 140, 1, '100000', '04/AF/2/18/02/23/22', 220000, 0),
(177, 'B0025', 140, 1, '120000', '04/AF/2/18/02/23/22', 220000, 0),
(178, 'B0053', 141, 1, '200000', '04/AF/2/18/02/37/33', 200000, 0),
(179, 'B0056', 142, 1, '130000', '04/AF/2/18/02/50/30', 120000, 10),
(180, 'B0059', 143, 1, '150000', '05/AF/2/18/09/39/42', 150000, 0),
(181, 'B0039', 144, 1, '100000', '05/AF/2/18/10/05/19', 100000, 0),
(182, 'B0044', 145, 1, '250000', '05/AF/2/18/10/55/01', 200000, 20),
(183, 'B0050', 146, 1, '100000', '05/AF/2/18/03/08/35', 100000, 0),
(184, 'B0057', 147, 2, '240000', '05/AF/2/18/03/41/33', 250000, 0),
(185, 'B0054', 148, 1, '150000', '06/AF/2/18/08/26/17', 200000, 0),
(186, 'B0021', 149, 1, '120000', '06/AF/2/18/11/34/51', 240000, 0),
(187, 'B0020', 149, 1, '120000', '06/AF/2/18/11/34/51', 240000, 0),
(188, 'B0044', 150, 1, '250000', '06/AF/2/18/01/03/52', 550000, 20),
(189, 'B0045', 150, 1, '230000', '06/AF/2/18/01/03/52', 550000, 20),
(190, 'B0059', 150, 1, '150000', '06/AF/2/18/01/03/52', 550000, 20),
(191, 'B0019', 151, 1, '120000', '06/AF/2/18/03/36/40', 120000, 0),
(192, 'B0043', 152, 1, '200000', '07/AF/2/18/11/09/36', 200000, 0),
(193, 'B0006', 153, 1, '120000', '07/AF/2/18/01/04/56', 220000, 0),
(194, 'B0039', 153, 1, '100000', '07/AF/2/18/01/04/56', 220000, 0),
(195, 'B0048', 154, 1, '130000', '07/AF/2/18/02/21/30', 130000, 0),
(196, 'B0054', 155, 1, '150000', '08/AF/2/18/05/56/52', 150000, 0),
(197, 'B0037', 156, 1, '150000', '08/AF/2/18/06/13/16', 150000, 0),
(198, 'B0039', 157, 1, '100000', '08/AF/2/18/08/56/24', 100000, 0),
(199, 'B0039', 158, 1, '100000', '08/AF/2/18/09/15/52', 100000, 0),
(200, 'B0056', 159, 1, '130000', '08/AF/2/18/12/50/04', 117000, 10),
(201, 'B0019', 160, 1, '120000', '08/AF/2/18/01/57/40', 120000, 0),
(202, 'B0039', 161, 1, '100000', '08/AF/2/18/05/25/53', 190000, 0),
(203, 'B0049', 161, 1, '90000', '08/AF/2/18/05/25/53', 190000, 0),
(204, 'B0044', 162, 1, '250000', '09/AF/2/18/06/53/14', 200000, 20),
(205, 'B0056', 163, 1, '130000', '09/AF/2/18/12/49/06', 117000, 10),
(206, 'B0040', 164, 1, '200000', '09/AF/2/18/02/27/24', 200000, 0),
(207, 'B0040', 165, 1, '200000', '09/AF/2/18/03/00/14', 200000, 0),
(208, 'B0015', 166, 1, '120000', '09/AF/2/18/04/55/55', 432000, 10),
(209, 'B0003', 166, 1, '120000', '09/AF/2/18/04/55/55', 432000, 10),
(210, 'B0020', 166, 1, '120000', '09/AF/2/18/04/55/55', 432000, 10),
(211, 'B0024', 166, 1, '120000', '09/AF/2/18/04/55/55', 432000, 10),
(212, 'B0021', 167, 1, '120000', '10/AF/2/18/01/43/55', 300000, 0),
(213, 'B0013', 167, 1, '120000', '10/AF/2/18/01/43/55', 300000, 0),
(214, 'B0051', 168, 1, '200000', '11/AF/2/18/01/11/45', 200000, 0),
(215, 'B0025', 169, 1, '120000', '13/AF/2/18/10/22/46', 120000, 0),
(216, 'B0039', 170, 2, '200000', '14/AF/2/18/06/09/10', 200000, 0),
(217, 'B0039', 171, 1, '100000', '15/AF/2/18/11/25/56', 100000, 0),
(218, 'B0039', 172, 1, '100000', '15/AF/2/18/02/40/40', 100000, 0),
(219, 'B0001', 173, 1, '120000', '16/AF/2/18/07/50/02', 120000, 0),
(220, 'B0035', 174, 1, '150000', '16/AF/2/18/12/13/59', 150000, 0),
(221, 'B0039', 175, 1, '100000', '16/AF/2/18/04/20/53', 100000, 0),
(222, 'B0061', 176, 1, '120000', '17/AF/2/18/04/33/29', 120000, 0),
(223, 'B0039', 177, 1, '100000', '18/AF/2/18/12/05/02', 100000, 0),
(224, 'B0039', 178, 1, '100000', '19/AF/2/18/09/23/42', 100000, 0),
(225, 'B0059', 179, 1, '150000', '19/AF/2/18/10/33/03', 150000, 0),
(226, 'B0039', 180, 1, '100000', '20/AF/2/18/07/14/15', 100000, 0),
(227, 'B0006', 181, 1, '120000', '20/AF/2/18/04/46/41', 120000, 0),
(228, 'B0039', 182, 1, '100000', '21/AF/2/18/08/59/14', 220000, 0),
(229, 'B0017', 182, 1, '120000', '21/AF/2/18/08/59/14', 220000, 0),
(230, 'B0039', 183, 1, '100000', '21/AF/2/18/04/57/39', 100000, 0),
(231, 'B0039', 184, 1, '100000', '22/AF/2/18/06/24/45', 100000, 0),
(232, 'B0048', 185, 1, '130000', '22/AF/2/18/01/48/55', 117000, 10),
(233, 'B0019', 186, 1, '120000', '22/AF/2/18/03/36/43', 120000, 0),
(234, 'B0001', 187, 1, '120000', '22/AF/2/18/04/02/24', 320000, 0),
(235, 'B0039', 187, 2, '200000', '22/AF/2/18/04/02/24', 320000, 0),
(236, 'B0059', 188, 1, '150000', '23/AF/2/18/08/00/06', 150000, 0),
(237, 'B0039', 189, 1, '100000', '24/AF/2/18/12/10/20', 100000, 0),
(238, 'B0044', 190, 1, '250000', '24/AF/2/18/04/40/03', 200000, 20),
(239, 'B0044', 191, 1, '250000', '24/AF/2/18/05/37/07', 441000, 10),
(240, 'B0063', 191, 1, '120000', '24/AF/2/18/05/37/07', 441000, 10),
(241, 'B0006', 191, 1, '120000', '24/AF/2/18/05/37/07', 441000, 10),
(242, 'B0010', 192, 1, '120000', '25/AF/2/18/09/10/36', 120000, 0),
(243, 'B0059', 193, 1, '150000', '25/AF/2/18/11/28/23', 120000, 20),
(244, 'B0034', 194, 1, '150000', '25/AF/2/18/12/01/55', 150000, 0),
(245, 'B0056', 195, 1, '130000', '26/AF/2/18/09/20/19', 117000, 10),
(246, 'B0039', 196, 1, '100000', '26/AF/2/18/12/44/20', 100000, 0),
(247, 'B0062', 197, 1, '120000', '26/AF/2/18/01/36/32', 120000, 0),
(248, 'B0048', 198, 1, '130000', '27/AF/2/18/05/41/41', 130000, 0),
(249, 'B0039', 199, 1, '100000', '27/AF/2/18/02/21/14', 100000, 0),
(250, 'B0017', 200, 1, '120000', '28/AF/2/18/02/48/03', 120000, 0),
(251, 'B0051', 201, 1, '200000', '28/AF/2/18/02/48/34', 180000, 10),
(252, 'B0039', 202, 2, '200000', '28/AF/2/18/02/54/07', 200000, 0),
(253, 'B0037', 203, 1, '150000', '28/AF/2/18/02/54/40', 150000, 0),
(254, 'B0006', 204, 1, '120000', '28/AF/2/18/03/23/00', 240000, 0),
(255, 'B0011', 204, 1, '120000', '28/AF/2/18/03/23/00', 240000, 0),
(256, 'B0039', 205, 1, '100000', '29/AF/2/18/06/50/16', 100000, 0),
(257, 'B0039', 206, 1, '100000', '30/AF/2/18/09/42/47', 100000, 0),
(258, 'B0053', 207, 1, '200000', '30/AF/2/18/12/57/10', 200000, 0),
(259, 'B0037', 208, 1, '150000', '30/AF/2/18/02/43/22', 150000, 0),
(260, 'B0006', 209, 1, '120000', '30/AF/2/18/03/45/53', 120000, 0),
(261, 'B0044', 210, 1, '250000', '30/AF/2/18/03/48/29', 200000, 20),
(262, 'B0008', 211, 1, '120000', '30/AF/2/18/04/37/06', 120000, 0),
(263, 'B0061', 212, 1, '120000', '01/AF/2/18/06/14/14', 120000, 0),
(264, 'B0004', 213, 1, '120000', '01/AF/2/18/12/26/54', 120000, 0),
(265, 'B0038', 214, 1, '150000', '01/AF/2/18/03/44/30', 150000, 0),
(266, 'B0039', 215, 1, '100000', '01/AF/2/18/03/48/25', 100000, 0),
(267, 'B0020', 216, 1, '120000', '01/AF/2/18/04/07/53', 120000, 0),
(268, 'B0039', 217, 1, '100000', '02/AF/2/18/03/14/02', 100000, 0),
(269, 'B0022', 218, 1, '120000', '02/AF/2/18/04/49/21', 120000, 0),
(270, 'B0001', 219, 1, '120000', '03/AF/2/18/07/16/36', 120000, 0),
(271, 'B0008', 220, 1, '120000', '03/AF/2/18/07/17/35', 120000, 0),
(272, 'B0053', 221, 1, '200000', '03/AF/2/18/11/05/28', 320000, 0),
(273, 'B0047', 221, 1, '120000', '03/AF/2/18/11/05/28', 320000, 0),
(274, 'B0059', 222, 1, '150000', '04/AF/2/18/07/19/34', 150000, 0),
(275, 'B0051', 223, 1, '200000', '04/AF/2/18/02/49/50', 180000, 10),
(276, 'B0056', 224, 1, '130000', '04/AF/2/18/03/13/47', 120000, 10),
(277, 'B0059', 225, 1, '150000', '06/AF/2/18/10/34/47', 150000, 0),
(278, 'B0039', 226, 1, '100000', '06/AF/2/18/11/21/16', 100000, 0),
(279, 'B0046', 227, 1, '110000', '07/AF/2/18/03/44/59', 100000, 10),
(280, 'B0048', 228, 1, '130000', '07/AF/2/18/03/46/13', 120000, 10),
(281, 'B0039', 229, 1, '100000', '08/AF/2/18/10/44/57', 100000, 0),
(282, 'B0053', 230, 1, '200000', '08/AF/2/18/05/36/06', 200000, 0),
(283, 'B0039', 231, 2, '200000', '09/AF/2/18/12/03/55', 200000, 0),
(284, 'B0025', 232, 1, '120000', '09/AF/2/18/03/33/37', 120000, 0),
(285, 'B0039', 233, 1, '100000', '11/AF/2/18/12/28/56', 250000, 0),
(286, 'B0035', 233, 1, '150000', '11/AF/2/18/12/28/56', 250000, 0),
(287, 'B0006', 234, 1, '120000', '12/AF/2/18/10/48/15', 120000, 0),
(288, 'B0039', 235, 1, '100000', '12/AF/2/18/04/56/47', 100000, 0),
(289, 'B0060', 236, 1, '120000', '12/AF/2/18/04/57/17', 120000, 0),
(290, 'B0022', 237, 1, '120000', '12/AF/2/18/04/57/45', 120000, 0),
(291, 'B0054', 238, 1, '150000', '12/AF/2/18/05/01/03', 150000, 0),
(292, 'B0039', 239, 1, '100000', '13/AF/2/18/01/03/47', 100000, 0),
(293, 'B0049', 240, 1, '100000', '13/AF/2/18/03/23/20', 100000, 0),
(294, 'B0040', 241, 1, '200000', '13/AF/2/18/03/27/03', 200000, 0),
(295, 'B0039', 242, 2, '200000', '13/AF/2/18/03/52/21', 300000, 0),
(296, 'B0049', 242, 1, '100000', '13/AF/2/18/03/52/21', 300000, 0),
(297, 'B0039', 243, 2, '200000', '14/AF/2/18/07/31/51', 200000, 0),
(298, 'B0037', 244, 1, '150000', '14/AF/2/18/08/57/23', 150000, 0),
(299, 'B0039', 245, 1, '100000', '14/AF/2/18/08/59/57', 100000, 0),
(300, 'B0039', 246, 2, '200000', '14/AF/2/18/12/26/22', 200000, 0),
(301, 'B0039', 247, 2, '200000', '14/AF/2/18/04/09/21', 200000, 0),
(302, 'B0006', 248, 1, '120000', '14/AF/2/18/04/09/46', 120000, 0),
(303, 'B0020', 249, 1, '120000', '14/AF/2/18/04/58/58', 120000, 0),
(304, 'B0044', 250, 1, '250000', '14/AF/2/18/04/59/33', 200000, 20),
(305, 'B0059', 251, 1, '150000', '15/AF/2/18/12/34/14', 150000, 0),
(306, 'B0044', 252, 1, '250000', '15/AF/2/18/01/06/06', 200000, 20),
(307, 'B0039', 253, 1, '100000', '15/AF/2/18/04/02/10', 100000, 0),
(308, 'B0053', 254, 1, '200000', '16/AF/2/18/03/24/33', 200000, 0),
(309, 'B0001', 255, 1, '120000', '17/AF/2/18/01/58/17', 120000, 0),
(311, 'B0039', 257, 4, '400000', '17/AF/2/18/04/53/32', 400000, 0),
(312, 'B0023', 258, 1, '120000', '17/AF/2/18/04/55/46', 540000, 10),
(313, 'B0001', 258, 1, '120000', '17/AF/2/18/04/55/46', 540000, 10),
(314, 'B0024', 258, 1, '120000', '17/AF/2/18/04/55/46', 540000, 10),
(315, 'B0015', 258, 1, '120000', '17/AF/2/18/04/55/46', 540000, 10),
(316, 'B0013', 258, 1, '120000', '17/AF/2/18/04/55/46', 540000, 10),
(317, 'B0017', 259, 1, '120000', '18/AF/2/18/10/13/41', 120000, 0),
(318, 'B0050', 260, 1, '100000', '18/AF/2/18/10/14/36', 100000, 0),
(319, 'B0016', 261, 1, '120000', '19/AF/2/18/09/16/59', 120000, 0),
(320, 'B0035', 262, 1, '150000', '20/AF/2/18/09/44/28', 150000, 0),
(321, 'B0021', 263, 1, '120000', '20/AF/2/18/09/45/18', 120000, 0),
(322, 'B0047', 264, 1, '120000', '20/AF/2/18/04/32/14', 120000, 0),
(323, 'B0048', 265, 1, '130000', '23/AF/2/18/07/10/28', 130000, 0),
(324, 'B0038', 266, 1, '150000', '23/AF/2/18/03/20/44', 150000, 0),
(325, 'B0034', 267, 1, '150000', '24/AF/2/18/09/50/55', 150000, 0),
(326, 'B0066', 268, 1, '160000', '27/AF/2/18/12/03/58', 160000, 0),
(327, 'B0039', 269, 1, '100000', '27/AF/2/18/12/11/22', 100000, 0),
(328, 'B0050', 270, 1, '100000', '27/AF/2/18/04/57/19', 350000, 0),
(329, 'B0056', 270, 1, '130000', '27/AF/2/18/04/57/19', 350000, 0),
(330, 'B0001', 270, 1, '120000', '27/AF/2/18/04/57/19', 350000, 0),
(331, 'B0039', 271, 1, '100000', '27/AF/2/18/05/09/36', 100000, 0),
(332, 'B0021', 272, 1, '120000', '28/AF/2/18/01/31/47', 120000, 0),
(333, 'B0017', 273, 1, '120000', '29/AF/2/18/02/34/50', 240000, 0),
(334, 'B0027', 273, 1, '120000', '29/AF/2/18/02/34/50', 240000, 0),
(335, 'B0039', 274, 1, '100000', '30/AF/2/18/10/15/51', 100000, 0),
(336, 'B0048', 275, 1, '130000', '30/AF/2/18/01/22/40', 130000, 0),
(337, 'B0046', 276, 1, '110000', '30/AF/2/18/02/46/05', 99000, 10),
(338, 'B0050', 277, 1, '100000', '30/AF/2/18/02/53/01', 265000, 0),
(339, 'B0066', 277, 1, '165000', '30/AF/2/18/02/53/01', 265000, 0),
(340, 'B0061', 278, 1, '120000', '31/AF/2/18/10/35/18', 120000, 0),
(341, 'B0060', 279, 1, '120000', '01/AF/2/18/01/35/01', 240000, 0),
(342, 'B0004', 279, 1, '120000', '01/AF/2/18/01/35/01', 240000, 0),
(343, 'B0008', 280, 1, '120000', '02/AF/2/18/06/57/01', 120000, 0),
(344, 'B0060', 281, 1, '120000', '02/AF/2/18/08/39/41', 120000, 0),
(345, 'B0064', 282, 1, '120000', '04/AF/2/18/10/13/45', 360000, 0),
(346, 'B0008', 282, 1, '120000', '04/AF/2/18/10/13/45', 360000, 0),
(347, 'B0025', 282, 1, '120000', '04/AF/2/18/10/13/45', 360000, 0),
(348, 'B0034', 283, 1, '150000', '04/AF/2/18/10/31/22', 150000, 0),
(349, 'B0067', 284, 1, '250000', '05/AF/2/18/11/04/58', 200000, 20),
(350, 'B0039', 285, 1, '100000', '05/AF/2/18/11/05/18', 100000, 0),
(351, 'B0056', 286, 1, '130000', '08/AF/2/18/02/13/59', 117000, 10),
(352, 'B0001', 287, 1, '120000', '09/AF/2/18/07/47/07', 120000, 0),
(353, 'B0018', 288, 1, '120000', '09/AF/2/18/12/56/46', 220000, 0),
(354, 'B0039', 288, 1, '100000', '09/AF/2/18/12/56/46', 220000, 0),
(355, 'B0039', 289, 2, '200000', '10/AF/2/18/10/17/52', 200000, 0),
(356, 'B0049', 290, 1, '100000', '10/AF/2/18/04/50/34', 80000, 20),
(357, 'B0068', 291, 1, '250000', '10/AF/2/18/04/51/03', 250000, 0),
(358, 'B0036', 292, 1, '150000', '11/AF/2/18/02/10/37', 150000, 0),
(359, 'B0020', 293, 1, '120000', '11/AF/2/18/02/28/23', 120000, 0),
(360, 'B0059', 294, 1, '150000', '11/AF/2/18/04/07/05', 150000, 0),
(361, 'B0039', 295, 1, '100000', '11/AF/2/18/04/08/01', 100000, 0),
(362, 'B0056', 296, 1, '130000', '11/AF/2/18/04/21/13', 117000, 10),
(363, 'B0039', 297, 1, '100000', '12/AF/2/18/03/49/17', 100000, 0),
(364, 'B0060', 298, 1, '120000', '13/AF/2/18/02/04/36', 120000, 0),
(365, 'B0055', 299, 1, '100000', '14/AF/2/18/05/42/07', 80000, 20),
(366, 'B0039', 300, 1, '100000', '14/AF/2/18/07/10/13', 90000, 10),
(367, 'B0025', 301, 1, '120000', '14/AF/2/18/02/48/57', 96000, 20),
(368, 'B0068', 302, 1, '250000', '15/AF/2/18/06/14/37', 200000, 20),
(369, 'B0067', 303, 1, '250000', '15/AF/2/18/10/40/16', 200000, 20),
(370, 'B0038', 304, 1, '150000', '15/AF/2/18/02/52/43', 216000, 20),
(371, 'B0023', 304, 1, '120000', '15/AF/2/18/02/52/43', 216000, 20),
(372, 'B0053', 305, 1, '200000', '15/AF/2/18/02/53/18', 200000, 0),
(373, 'B0037', 306, 1, '150000', '15/AF/2/18/04/36/50', 120000, 20),
(374, 'B0018', 307, 1, '120000', '18/AF/2/18/11/02/24', 96000, 20),
(375, 'B0067', 308, 1, '250000', '18/AF/2/18/03/19/28', 200000, 20),
(376, 'B0056', 309, 1, '130000', '19/AF/2/18/01/00/07', 200000, 20),
(377, 'B0006', 309, 1, '120000', '19/AF/2/18/01/00/07', 200000, 20),
(378, 'B0049', 310, 1, '100000', '19/AF/2/18/03/41/56', 100000, 0),
(379, 'B0039', 311, 1, '120000', '20/AF/2/18/12/53/23', 96000, 20),
(380, 'B0039', 312, 1, '120000', '20/AF/2/18/01/00/58', 192000, 20),
(381, 'B0003', 312, 1, '120000', '20/AF/2/18/01/00/58', 192000, 20),
(382, 'B0020', 313, 1, '120000', '20/AF/2/18/01/49/27', 96000, 20),
(383, 'B0066', 314, 1, '165000', '20/AF/2/18/04/10/57', 165000, 0),
(384, 'B0020', 315, 1, '120000', '21/AF/2/18/09/07/07', 96000, 20),
(385, 'B0020', 316, 1, '120000', '22/AF/2/18/10/01/03', 96000, 20),
(386, 'B0067', 317, 1, '250000', '23/AF/2/18/03/32/03', 296000, 20),
(387, 'B0017', 317, 1, '120000', '23/AF/2/18/03/32/03', 296000, 20),
(388, 'B0021', 318, 1, '120000', '23/AF/2/18/09/12/30', 96000, 20),
(389, 'B0001', 319, 1, '120000', '23/AF/2/18/10/29/42', 296000, 20),
(390, 'B0068', 319, 1, '250000', '23/AF/2/18/10/29/42', 296000, 20),
(391, 'B0035', 320, 1, '150000', '24/AF/2/18/03/42/58', 120000, 20),
(392, 'B0069', 321, 1, '250000', '25/AF/2/18/04/29/18', 200000, 20),
(393, 'B0039', 322, 2, '240000', '25/AF/2/18/07/20/14', 200000, 20),
(394, 'B0019', 323, 1, '120000', '25/AF/2/18/12/54/29', 96000, 20),
(395, 'B0047', 324, 1, '120000', '26/AF/2/18/03/02/10', 192000, 20),
(396, 'B0039', 324, 1, '120000', '26/AF/2/18/03/02/10', 192000, 20),
(397, 'B0039', 325, 1, '120000', '28/AF/2/18/11/35/42', 96000, 20),
(398, 'B0039', 326, 1, '120000', '28/AF/2/18/02/37/57', 96000, 20),
(399, 'B0010', 327, 1, '120000', '28/AF/2/18/02/38/36', 96000, 20),
(400, 'B0039', 328, 1, '120000', '29/AF/2/18/08/11/57', 96000, 20),
(401, 'B0043', 329, 1, '200000', '30/AF/2/18/04/30/17', 160000, 20),
(403, 'B0065', 331, 1, '200000', '30/AF/2/18/04/36/23', 160000, 20),
(404, 'B0039', 332, 1, '120000', '01/AF/2/18/11/55/51', 108000, 10),
(405, 'B0040', 333, 1, '200000', '01/AF/2/18/01/08/16', 200000, 0),
(406, 'B0048', 334, 1, '130000', '02/AF/2/18/09/56/57', 130000, 0),
(407, 'B0053', 335, 1, '250000', '02/AF/2/18/11/14/49', 200000, 20),
(408, 'B0050', 336, 1, '100000', '04/AF/2/18/06/16/00', 100000, 0),
(409, 'B0047', 337, 1, '120000', '05/AF/2/18/09/48/09', 240000, 0),
(410, 'B0021', 337, 1, '120000', '05/AF/2/18/09/48/09', 240000, 0),
(411, 'B0048', 338, 1, '130000', '05/AF/2/18/10/30/56', 104000, 20),
(412, 'B0017', 339, 1, '120000', '06/AF/2/18/05/37/08', 120000, 0),
(413, 'B0039', 340, 1, '120000', '06/AF/2/18/05/39/02', 108000, 10),
(414, 'B0039', 341, 1, '120000', '06/AF/2/18/07/18/36', 100000, 20),
(415, 'B0067', 342, 1, '250000', '06/AF/2/18/07/26/44', 250000, 0),
(416, 'B0017', 343, 1, '120000', '06/AF/2/18/02/33/59', 240000, 0),
(417, 'B0021', 343, 1, '120000', '06/AF/2/18/02/33/59', 240000, 0),
(418, 'B0040', 344, 1, '200000', '08/AF/2/18/02/07/19', 320000, 0),
(419, 'B0047', 344, 1, '120000', '08/AF/2/18/02/07/19', 320000, 0),
(420, 'B0043', 345, 1, '200000', '09/AF/2/18/10/20/22', 200000, 0),
(421, 'B0054', 346, 1, '150000', '09/AF/2/18/01/11/13', 150000, 0),
(422, 'B0036', 347, 1, '150000', '09/AF/2/18/01/14/47', 300000, 0),
(423, 'B0054', 347, 1, '150000', '09/AF/2/18/01/14/47', 300000, 0),
(424, 'B0038', 348, 1, '150000', '09/AF/2/18/01/27/21', 150000, 0),
(425, 'B0021', 349, 1, '120000', '09/AF/2/18/03/19/49', 240000, 0),
(426, 'B0001', 349, 1, '120000', '09/AF/2/18/03/19/49', 240000, 0),
(428, 'B0048', 351, 1, '130000', '10/AF/2/18/04/29/56', 130000, 0),
(429, 'B0044', 352, 1, '250000', '10/AF/2/18/04/30/21', 200000, 20),
(430, 'B0060', 353, 1, '120000', '10/AF/2/18/11/16/01', 120000, 0),
(431, 'B0049', 354, 1, '100000', '11/AF/2/18/10/55/19', 300000, 0),
(432, 'B0065', 354, 1, '200000', '11/AF/2/18/10/55/19', 300000, 0),
(433, 'B0069', 355, 1, '250000', '14/AF/2/18/01/43/58', 250000, 0),
(434, 'B0044', 356, 1, '250000', '15/AF/2/18/07/41/52', 200000, 20),
(435, 'B0047', 357, 1, '120000', '15/AF/2/18/03/14/20', 120000, 0),
(436, 'B0078', 358, 1, '120000', '16/AF/2/18/09/28/52', 120000, 0),
(437, 'B0082', 359, 1, '120000', '16/AF/2/18/10/08/23', 120000, 0),
(438, 'B0069', 360, 1, '250000', '16/AF/2/18/11/07/42', 250000, 0),
(439, 'B0018', 361, 1, '120000', '16/AF/2/18/01/46/00', 120000, 0),
(440, 'B0039', 362, 1, '120000', '17/AF/2/18/06/05/47', 96000, 20),
(441, 'B0070', 363, 1, '120000', '18/AF/2/18/02/33/27', 120000, 0),
(442, 'B0052', 364, 1, '200000', '19/AF/2/18/09/01/59', 200000, 0),
(443, 'B0001', 365, 1, '120000', '19/AF/2/18/12/57/10', 120000, 0),
(444, 'B0036', 366, 1, '150000', '20/AF/2/18/05/28/21', 270000, 0),
(445, 'B0039', 366, 1, '120000', '20/AF/2/18/05/28/21', 270000, 0),
(446, 'B0049', 367, 1, '100000', '20/AF/2/18/06/06/38', 100000, 0),
(447, 'B0063', 368, 1, '120000', '20/AF/2/18/08/39/58', 120000, 0),
(448, 'B0044', 369, 1, '250000', '20/AF/2/18/04/31/01', 200000, 20),
(449, 'B0039', 370, 1, '120000', '21/AF/2/18/02/10/37', 100000, 20),
(450, 'B0020', 371, 1, '120000', '22/AF/2/18/05/51/31', 120000, 0),
(451, 'B0039', 372, 1, '120000', '22/AF/2/18/09/38/10', 108000, 10),
(452, 'B0044', 373, 1, '250000', '22/AF/2/18/12/16/29', 200000, 20),
(453, 'B0072', 374, 1, '120000', '22/AF/2/18/01/14/57', 120000, 0),
(454, 'B0016', 375, 1, '120000', '23/AF/2/18/07/16/31', 120000, 0),
(455, 'B0064', 376, 1, '120000', '24/AF/2/18/11/07/12', 96000, 20),
(456, 'B0009', 377, 1, '120000', '24/AF/2/18/02/04/02', 96000, 20),
(457, 'B0004', 378, 1, '120000', '28/AF/2/18/05/20/51', 120000, 0),
(458, 'B0044', 379, 1, '250000', '28/AF/2/18/05/24/00', 200000, 20),
(459, 'B0060', 380, 1, '120000', '28/AF/2/18/05/25/11', 96000, 20),
(460, 'B0077', 381, 1, '120000', '28/AF/2/18/08/02/48', 96000, 20),
(461, 'B0024', 382, 1, '120000', '28/AF/2/18/03/22/11', 96000, 20),
(462, 'B0075', 383, 1, '120000', '03/AF/2/19/02/42/04', 120000, 0),
(463, 'B0043', 384, 1, '200000', '04/AF/2/19/02/09/12', 180000, 10),
(464, 'B0039', 385, 1, '120000', '04/AF/2/19/03/47/35', 100000, 20),
(465, 'B0044', 386, 1, '250000', '04/AF/2/19/04/00/33', 200000, 20),
(466, 'B0039', 387, 1, '120000', '04/AF/2/19/04/21/49', 100000, 20),
(467, 'B0087', 388, 1, '130000', '05/AF/2/19/08/46/27', 130000, 0),
(468, 'B0056', 389, 2, '260000', '05/AF/2/19/03/26/07', 234000, 10),
(469, 'B0086', 390, 1, '130000', '05/AF/2/19/03/38/31', 130000, 0),
(470, 'B0056', 391, 1, '130000', '08/AF/2/19/09/33/13', 225000, 10),
(471, 'B0039', 391, 1, '120000', '08/AF/2/19/09/33/13', 225000, 10),
(472, 'B0049', 392, 1, '100000', '08/AF/2/19/02/51/58', 300000, 0),
(473, 'B0065', 392, 1, '200000', '08/AF/2/19/02/51/58', 300000, 0),
(474, 'B0039', 393, 1, '120000', '09/AF/2/19/11/51/03', 240000, 0),
(475, 'B0073', 393, 1, '120000', '09/AF/2/19/11/51/03', 240000, 0),
(476, 'B0039', 394, 1, '120000', '09/AF/2/19/03/11/44', 96000, 20),
(477, 'B0039', 395, 1, '120000', '10/AF/2/19/09/09/03', 96000, 20),
(480, 'B0019', 397, 1, '120000', '10/AF/2/19/01/33/20', 120000, 0),
(481, 'B0039', 398, 1, '120000', '10/AF/2/19/01/39/16', 108000, 10),
(482, 'B0044', 399, 1, '250000', '10/AF/2/19/01/50/02', 200000, 20),
(483, 'B0087', 400, 1, '130000', '11/AF/2/19/02/26/51', 130000, 0),
(484, 'B0076', 401, 1, '120000', '11/AF/2/19/03/52/53', 120000, 0),
(485, 'B0039', 402, 1, '120000', '12/AF/2/19/11/51/12', 108000, 10),
(486, 'B0039', 403, 1, '120000', '12/AF/2/19/01/39/33', 216000, 10),
(487, 'B0078', 403, 1, '120000', '12/AF/2/19/01/39/33', 216000, 10),
(488, 'B0080', 404, 1, '120000', '12/AF/2/19/03/27/37', 120000, 0),
(489, 'B0045', 405, 1, '230000', '13/AF/2/19/09/28/51', 207000, 10),
(490, 'B0071', 406, 1, '120000', '13/AF/2/19/01/28/59', 120000, 0),
(491, 'B0092', 407, 1, '200000', '13/AF/2/19/01/49/55', 330000, 0),
(492, 'B0056', 407, 1, '130000', '13/AF/2/19/01/49/55', 330000, 0),
(493, 'B0088', 408, 1, '130000', '14/AF/2/19/01/30/04', 130000, 0),
(494, 'B0035', 409, 1, '150000', '15/AF/2/19/03/58/27', 150000, 0),
(495, 'B0085', 410, 1, '130000', '15/AF/2/19/04/49/56', 117000, 10),
(496, 'B0100', 411, 1, '120000', '17/AF/2/19/12/29/24', 120000, 0),
(497, 'B0039', 412, 1, '120000', '18/AF/2/19/11/19/13', 108000, 100),
(498, 'B0059', 413, 1, '150000', '18/AF/2/19/01/03/18', 150000, 0),
(499, 'B0019', 414, 1, '120000', '19/AF/2/19/06/47/32', 120000, 0),
(500, 'B0086', 415, 1, '130000', '19/AF/2/19/10/18/58', 130000, 0),
(501, 'B0092', 416, 1, '200000', '19/AF/2/19/12/36/49', 200000, 0),
(502, 'B0097', 417, 1, '120000', '19/AF/2/19/04/03/27', 120000, 0),
(503, 'B0008', 418, 1, '120000', '20/AF/2/19/05/49/33', 120000, 0),
(504, 'B0033', 419, 1, '150000', '20/AF/2/19/07/36/56', 150000, 0),
(505, 'B0070', 420, 1, '120000', '20/AF/2/19/02/36/57', 120000, 0),
(506, 'B0094', 421, 1, '120000', '20/AF/2/19/02/39/42', 120000, 0),
(507, 'B0005', 422, 1, '120000', '20/AF/2/19/02/41/53', 120000, 0),
(508, 'B0039', 423, 1, '120000', '20/AF/2/19/02/43/38', 108000, 10),
(509, 'B0035', 424, 1, '150000', '21/AF/2/19/11/43/01', 150000, 0),
(510, 'B0040', 425, 1, '200000', '22/AF/2/19/09/24/05', 200000, 0),
(511, 'B0086', 426, 1, '130000', '22/AF/2/19/03/46/16', 130000, 0),
(512, 'B0045', 427, 1, '230000', '23/AF/2/19/05/32/28', 450000, 10),
(513, 'B0039', 427, 1, '120000', '23/AF/2/19/05/32/28', 450000, 10),
(514, 'B0059', 427, 1, '150000', '23/AF/2/19/05/32/28', 450000, 10),
(515, 'B0018', 428, 1, '120000', '23/AF/2/19/12/50/23', 540000, 10),
(516, 'B0063', 428, 1, '120000', '23/AF/2/19/12/50/23', 540000, 10),
(517, 'B0030', 428, 1, '120000', '23/AF/2/19/12/50/23', 540000, 10),
(518, 'B0021', 428, 2, '240000', '23/AF/2/19/12/50/23', 540000, 10),
(519, 'B0094', 429, 1, '120000', '24/AF/2/19/03/20/49', 120000, 0),
(520, 'B0053', 430, 1, '250000', '24/AF/2/19/06/41/07', 200000, 20),
(521, 'B0068', 431, 1, '250000', '24/AF/2/19/01/26/05', 250000, 0),
(522, 'B0017', 432, 1, '120000', '25/AF/2/19/04/05/49', 120000, 0),
(523, 'B0057', 433, 1, '120000', '25/AF/2/19/08/56/18', 360000, 0),
(524, 'B0031', 433, 1, '120000', '25/AF/2/19/08/56/18', 360000, 0),
(525, 'B0070', 433, 1, '120000', '25/AF/2/19/08/56/18', 360000, 0),
(526, 'B0043', 434, 1, '200000', '25/AF/2/19/03/35/19', 200000, 0),
(527, 'B0039', 435, 1, '120000', '26/AF/2/19/05/45/42', 96000, 20),
(528, 'B0067', 436, 1, '250000', '26/AF/2/19/08/40/01', 250000, 0),
(529, 'B0017', 437, 1, '120000', '27/AF/2/19/03/59/49', 120000, 0),
(530, 'B0018', 438, 1, '120000', '27/AF/2/19/06/07/50', 120000, 0),
(531, 'B0085', 439, 1, '130000', '27/AF/2/19/02/20/55', 130000, 0),
(532, 'B0086', 440, 1, '130000', '29/AF/2/19/09/18/40', 130000, 0),
(533, 'B0050', 441, 1, '100000', '30/AF/2/19/09/10/46', 100000, 0),
(534, 'B0039', 442, 1, '120000', '30/AF/2/19/01/37/33', 108000, 10),
(535, 'B0023', 443, 1, '120000', '01/AF/2/19/10/19/22', 440000, 20),
(536, 'B0043', 443, 1, '200000', '01/AF/2/19/10/19/22', 440000, 20),
(537, 'B0084', 443, 1, '230000', '01/AF/2/19/10/19/22', 440000, 20),
(538, 'B0088', 444, 1, '130000', '02/AF/2/19/06/59/38', 130000, 0),
(539, 'B0096', 445, 1, '120000', '02/AF/2/19/02/40/22', 240000, 0),
(540, 'B0016', 445, 1, '120000', '02/AF/2/19/02/40/22', 240000, 0),
(541, 'B0044', 446, 1, '250000', '02/AF/2/19/04/14/44', 200000, 20),
(542, 'B0015', 447, 1, '120000', '03/AF/2/19/07/20/07', 120000, 0),
(543, 'B0078', 448, 1, '120000', '03/AF/2/19/09/58/11', 396000, 10),
(544, 'B0065', 448, 1, '200000', '03/AF/2/19/09/58/11', 396000, 10),
(545, 'B0063', 448, 1, '120000', '03/AF/2/19/09/58/11', 396000, 10),
(546, 'B0006', 449, 1, '120000', '03/AF/2/19/02/56/43', 120000, 0),
(547, 'B0041', 450, 1, '200000', '04/AF/2/19/07/29/32', 180000, 10),
(548, 'B0093', 451, 1, '120000', '04/AF/2/19/07/32/16', 120000, 0),
(549, 'B0065', 452, 1, '200000', '14/AF/2/19/04/08/41', 520000, 0),
(550, 'B0040', 452, 1, '200000', '14/AF/2/19/04/08/41', 520000, 0),
(551, 'B0096', 452, 1, '120000', '14/AF/2/19/04/08/41', 520000, 0),
(552, 'B0056', 453, 1, '130000', '14/AF/2/19/04/09/46', 400000, 20),
(553, 'B0039', 453, 1, '120000', '14/AF/2/19/04/09/46', 400000, 20),
(554, 'B0053', 453, 1, '250000', '14/AF/2/19/04/09/46', 400000, 20),
(555, 'B0092', 454, 1, '200000', '14/AF/2/19/04/10/23', 450000, 0),
(556, 'B0091', 454, 1, '250000', '14/AF/2/19/04/10/23', 450000, 0),
(557, 'B0086', 455, 1, '130000', '14/AF/2/19/04/11/26', 130000, 0),
(558, 'B0090', 456, 1, '250000', '14/AF/2/19/04/13/46', 740000, 0),
(559, 'B0039', 456, 1, '120000', '14/AF/2/19/04/13/46', 740000, 0),
(560, 'B0103', 456, 1, '120000', '14/AF/2/19/04/13/46', 740000, 0),
(561, 'B0068', 456, 1, '250000', '14/AF/2/19/04/13/46', 740000, 0),
(562, 'B0103', 457, 1, '120000', '14/AF/2/19/04/15/07', 216000, 10),
(563, 'B0039', 457, 1, '120000', '14/AF/2/19/04/15/07', 216000, 10),
(564, 'B0040', 458, 1, '200000', '14/AF/2/19/04/17/16', 790000, 0),
(565, 'B0104', 458, 1, '120000', '14/AF/2/19/04/17/16', 790000, 0),
(566, 'B0049', 458, 1, '100000', '14/AF/2/19/04/17/16', 790000, 0),
(567, 'B0039', 458, 1, '120000', '14/AF/2/19/04/17/16', 790000, 0),
(568, 'B0044', 458, 1, '250000', '14/AF/2/19/04/17/16', 790000, 0),
(569, 'B0088', 459, 1, '130000', '14/AF/2/19/04/19/08', 510000, 0),
(570, 'B0056', 459, 1, '130000', '14/AF/2/19/04/19/08', 510000, 0),
(571, 'B0089', 459, 1, '250000', '14/AF/2/19/04/19/08', 510000, 0),
(572, 'B0046', 460, 1, '100000', '15/AF/2/19/12/54/27', 100000, 0),
(573, 'B0097', 461, 1, '120000', '15/AF/2/19/04/30/11', 120000, 0);

-- --------------------------------------------------------

--
-- Table structure for table `tempo`
--

CREATE TABLE `tempo` (
  `id_subtransaksi` int(11) NOT NULL,
  `id_barang` char(5) NOT NULL,
  `jumlah_beli` int(11) NOT NULL,
  `total_harga` varchar(20) NOT NULL,
  `trx` varchar(10) NOT NULL
) ENGINE=InnoDB DEFAULT CHARSET=latin1;

-- --------------------------------------------------------

--
-- Table structure for table `transaksi`
--

CREATE TABLE `transaksi` (
  `id_transaksi` int(11) NOT NULL,
  `tgl_transaksi` timestamp NOT NULL DEFAULT CURRENT_TIMESTAMP ON UPDATE CURRENT_TIMESTAMP,
  `kode_kasir` int(11) NOT NULL,
  `total_bayar` varchar(20) NOT NULL,
  `no_invoice` varchar(20) NOT NULL,
  `nama_pembeli` varchar(20) NOT NULL
) ENGINE=InnoDB DEFAULT CHARSET=latin1;

--
-- Dumping data for table `transaksi`
--

INSERT INTO `transaksi` (`id_transaksi`, `tgl_transaksi`, `kode_kasir`, `total_bayar`, `no_invoice`, `nama_pembeli`) VALUES
(60, '2018-08-14 14:32:39', 2, '216000', '14/AF/2/18/04/32/39', 'lili'),
(61, '2018-08-16 17:09:57', 2, '250000', '16/AF/2/18/07/09/57', 'r'),
(62, '2018-08-16 17:44:24', 2, '84000', '16/AF/2/18/07/44/24', 'rer'),
(63, '2018-08-16 18:15:07', 2, '120000', '16/AF/2/18/08/15/07', 'kiki'),
(64, '2018-08-17 03:48:35', 2, '120000', '17/AF/2/18/05/48/35', 'andre'),
(65, '2018-08-17 20:19:49', 2, '320000', '17/AF/2/18/10/19/49', 'tian'),
(66, '2018-08-17 20:30:59', 2, '80000', '17/AF/2/18/10/30/59', 'ff'),
(67, '2018-08-17 21:03:58', 1, '150000', '17/AF/1/18/11/03/58', '1'),
(68, '2018-08-17 21:06:30', 2, '150000', '17/AF/2/18/11/06/30', 'gg'),
(69, '2018-08-18 23:26:26', 2, '84000', '19/AF/2/18/01/26/26', 'juju'),
(70, '2018-08-18 23:26:59', 2, '120000', '19/AF/2/18/01/26/59', 'juju'),
(71, '2018-08-19 01:27:07', 2, '120000', '19/AF/2/18/03/27/07', 'mm'),
(72, '2018-08-19 03:59:47', 2, '84000', '19/AF/2/18/05/59/47', 'huhi'),
(73, '2018-08-19 04:02:59', 2, '108000', '19/AF/2/18/06/02/59', 'j'),
(74, '2018-08-19 06:18:02', 2, '192000', '19/AF/2/18/08/18/02', 'si gendut cilik'),
(75, '2018-08-19 07:02:38', 2, '150000', '19/AF/2/18/09/02/38', 'akmal'),
(76, '2018-08-19 08:49:58', 2, '120000', '19/AF/2/18/10/49/58', 'aisah'),
(77, '2018-08-19 10:03:25', 2, '168000', '19/AF/2/18/12/03/25', 'rere'),
(78, '2018-08-19 10:47:50', 2, '120000', '19/AF/2/18/12/47/50', 'nurul'),
(79, '2018-08-19 13:45:36', 2, '84000', '19/AF/2/18/03/45/36', 'dodi'),
(80, '2018-08-19 13:49:45', 2, '80000', '19/AF/2/18/03/49/45', 'e'),
(81, '2018-08-20 07:17:22', 2, '120000', '20/AF/2/18/09/17/22', 'abi'),
(82, '2018-08-20 07:18:59', 2, '120000', '20/AF/2/18/09/18/59', 'hari'),
(83, '2018-08-20 14:29:05', 2, '120000', '20/AF/2/18/04/29/05', 'arul'),
(84, '2018-08-20 14:54:35', 2, '120000', '20/AF/2/18/04/54/35', 'kue ape'),
(85, '2018-08-22 10:31:35', 2, '120000', '22/AF/2/18/12/31/35', 'febri'),
(86, '2018-08-21 16:05:09', 2, '150000', '21/AF/2/18/06/05/09', 'ft'),
(87, '2018-08-21 16:54:14', 2, '120000', '21/AF/2/18/06/54/14', 'fg'),
(88, '2018-08-21 18:50:08', 2, '168000', '21/AF/2/18/08/50/08', 'bos kambing'),
(89, '2018-08-21 18:56:37', 2, '168000', '21/AF/2/18/08/56/37', 'ff'),
(90, '2018-08-21 19:00:05', 2, '200000', '21/AF/2/18/09/00/05', 'e'),
(91, '2018-08-21 19:35:22', 2, '84000', '21/AF/2/18/09/35/22', 'fajar'),
(92, '2018-08-21 19:36:28', 2, '120000', '21/AF/2/18/09/36/28', 'fjr'),
(93, '2018-08-21 20:24:18', 2, '120000', '21/AF/2/18/10/24/18', 'd'),
(94, '2018-08-22 08:48:02', 2, '120000', '22/AF/2/18/10/48/02', 'f'),
(95, '2018-08-22 08:48:36', 2, '108000', '22/AF/2/18/10/48/36', 'f'),
(96, '2018-08-22 08:49:08', 2, '84000', '22/AF/2/18/10/49/08', 'f'),
(97, '2018-08-22 10:58:31', 2, '84000', '22/AF/2/18/12/58/31', 'q'),
(98, '2018-08-22 13:06:29', 2, '120000', '22/AF/2/18/03/06/29', 'g'),
(99, '2018-08-22 13:11:40', 2, '84000', '22/AF/2/18/03/11/40', 'g'),
(100, '2018-08-22 16:47:15', 2, '120000', '22/AF/2/18/06/47/15', 'tt'),
(101, '2018-08-22 16:58:22', 2, '216000', '22/AF/2/18/06/58/22', 'teteh'),
(102, '2018-08-23 10:05:18', 2, '120000', '23/AF/2/18/12/05/18', 'heru'),
(103, '2018-08-23 15:18:59', 2, '320000', '23/AF/2/18/05/18/59', 'babang'),
(104, '2018-08-23 16:47:45', 2, '120000', '23/AF/2/18/06/47/45', 'kiki'),
(105, '2018-08-24 14:55:23', 2, '96000', '24/AF/2/18/04/55/23', 'oldi'),
(106, '2018-08-24 15:06:54', 2, '240000', '24/AF/2/18/05/06/54', 'sueb'),
(107, '2018-08-24 16:02:51', 2, '200000', '24/AF/2/18/06/02/51', 'gingin'),
(108, '2018-08-24 16:26:25', 2, '200000', '24/AF/2/18/06/26/25', 'w'),
(109, '2018-08-24 16:27:41', 2, '288000', '24/AF/2/18/06/27/41', 'kk'),
(110, '2018-08-24 17:53:18', 2, '96000', '24/AF/2/18/07/53/18', 'si rewel'),
(111, '2018-08-25 12:25:15', 2, '150000', '25/AF/2/18/02/25/15', 'lavis'),
(112, '2018-08-25 15:42:59', 2, '120000', '25/AF/2/18/05/42/59', 'anak pejabat'),
(113, '2018-08-25 18:04:12', 2, '84000', '25/AF/2/18/08/04/12', 'daus'),
(114, '2018-08-26 07:52:29', 2, '320000', '26/AF/2/18/09/52/29', 'j'),
(115, '2018-08-26 08:31:12', 2, '150000', '26/AF/2/18/10/31/12', 'kiki'),
(116, '2018-08-26 12:42:59', 2, '120000', '26/AF/2/18/02/42/59', 'kiki'),
(117, '2018-08-26 13:17:55', 2, '200000', '26/AF/2/18/03/17/55', 'bagus'),
(118, '2018-08-26 13:33:51', 2, '120000', '26/AF/2/18/03/33/51', 'n'),
(119, '2018-08-26 14:12:16', 2, '96000', '26/AF/2/18/04/12/16', 'midun'),
(120, '2018-08-26 14:21:07', 2, '120000', '26/AF/2/18/04/21/07', 'pak guru '),
(121, '2018-08-27 08:05:38', 2, '100000', '27/AF/2/18/10/05/38', 'kiki'),
(122, '2018-08-27 08:15:04', 2, '84000', '27/AF/2/18/10/15/04', 'pak deee'),
(123, '2018-08-27 15:25:40', 2, '90000', '27/AF/2/18/05/25/40', 'kiki'),
(124, '2018-08-29 17:56:19', 2, '243000', '29/AF/2/18/07/56/19', 'gg'),
(125, '2018-08-30 13:51:40', 2, '120000', '30/AF/2/18/03/51/40', 'subhan'),
(126, '2018-08-30 15:48:52', 2, '120000', '30/AF/2/18/05/48/52', 'irfan'),
(127, '2018-08-30 16:37:14', 2, '90000', '30/AF/2/18/06/37/14', 'ira'),
(128, '2018-08-31 09:53:55', 2, '120000', '31/AF/2/18/11/53/55', 'tantowi'),
(129, '2018-08-31 14:21:25', 2, '120000', '31/AF/2/18/04/21/25', 'agung'),
(130, '2018-08-31 14:58:23', 2, '130000', '31/AF/2/18/04/58/23', 'ijwin'),
(131, '2018-09-01 15:33:26', 2, '200000', '01/AF/2/18/05/33/26', 'cod'),
(132, '2018-09-01 15:41:09', 2, '200000', '01/AF/2/18/05/41/09', 'teteh rempong'),
(133, '2018-09-01 17:09:47', 2, '150000', '01/AF/2/18/07/09/47', 'niday'),
(134, '2018-09-02 10:04:35', 2, '120000', '02/AF/2/18/12/04/35', 'f'),
(135, '2018-09-02 14:04:55', 2, '240000', '02/AF/2/18/04/04/55', 'anwar'),
(136, '2018-09-02 15:52:32', 2, '96000', '02/AF/2/18/05/52/32', 'e'),
(137, '2018-09-03 10:15:52', 2, '270000', '03/AF/2/18/12/15/52', 'f'),
(138, '2018-09-04 06:04:51', 2, '120000', '04/AF/2/18/08/04/51', 'securiti'),
(139, '2018-09-04 12:08:29', 2, '200000', '04/AF/2/18/02/08/29', 'pa ubed'),
(140, '2018-09-04 12:23:22', 2, '220000', '04/AF/2/18/02/23/22', 'p'),
(141, '2018-09-04 12:37:33', 2, '200000', '04/AF/2/18/02/37/33', 'gibran'),
(142, '2018-09-04 12:50:30', 2, '117000', '04/AF/2/18/02/50/30', 'kiki'),
(143, '2018-09-05 07:39:42', 2, '150000', '05/AF/2/18/09/39/42', 'rosii'),
(144, '2018-09-05 08:05:19', 2, '100000', '05/AF/2/18/10/05/19', 'tteh'),
(145, '2018-09-05 08:55:01', 2, '200000', '05/AF/2/18/10/55/01', 'mang lisi'),
(146, '2018-09-05 13:08:35', 2, '100000', '05/AF/2/18/03/08/35', 'aceng'),
(147, '2018-09-05 13:41:33', 2, '240000', '05/AF/2/18/03/41/33', 'andini'),
(148, '2018-09-06 06:26:17', 2, '150000', '06/AF/2/18/08/26/17', 'cablak'),
(149, '2018-09-06 09:34:51', 2, '240000', '06/AF/2/18/11/34/51', 'ff'),
(150, '2018-09-06 11:03:52', 2, '504000', '06/AF/2/18/01/03/52', 'aa'),
(151, '2018-09-06 13:36:40', 2, '120000', '06/AF/2/18/03/36/40', 's'),
(152, '2018-09-07 09:09:36', 2, '200000', '07/AF/2/18/11/09/36', 'ulis'),
(153, '2018-09-07 11:04:56', 2, '220000', '07/AF/2/18/01/04/56', 'mas boy'),
(154, '2018-09-07 12:21:30', 2, '130000', '07/AF/2/18/02/21/30', 'hendra'),
(155, '2018-09-08 03:56:52', 2, '150000', '08/AF/2/18/05/56/52', 'kiki'),
(156, '2018-09-08 04:13:16', 2, '150000', '08/AF/2/18/06/13/16', 'bonoy'),
(157, '2018-09-08 06:56:24', 2, '100000', '08/AF/2/18/08/56/24', 'kiki'),
(158, '2018-09-08 07:15:52', 2, '100000', '08/AF/2/18/09/15/52', 'pramuka'),
(159, '2018-09-08 10:50:04', 2, '117000', '08/AF/2/18/12/50/04', 'r'),
(160, '2018-09-08 11:57:40', 2, '120000', '08/AF/2/18/01/57/40', 'ucok'),
(161, '2018-09-08 15:25:53', 2, '190000', '08/AF/2/18/05/25/53', 'r'),
(162, '2018-09-09 04:53:14', 2, '200000', '09/AF/2/18/06/53/14', 'sam'),
(163, '2018-09-09 10:49:06', 2, '117000', '09/AF/2/18/12/49/06', 'g'),
(164, '2018-09-09 12:27:24', 2, '200000', '09/AF/2/18/02/27/24', 'kiki'),
(165, '2018-09-09 13:00:14', 2, '200000', '09/AF/2/18/03/00/14', '1'),
(166, '2018-09-09 14:55:55', 2, '432000', '09/AF/2/18/04/55/55', 'all'),
(167, '2018-09-10 11:43:55', 2, '240000', '10/AF/2/18/01/43/55', 'aa'),
(168, '2018-09-11 11:11:45', 2, '200000', '11/AF/2/18/01/11/45', 'deri'),
(169, '2018-09-13 08:22:46', 2, '120000', '13/AF/2/18/10/22/46', 'rafli'),
(170, '2018-09-14 04:09:10', 2, '200000', '14/AF/2/18/06/09/10', 'smp'),
(171, '2018-09-15 09:25:56', 2, '100000', '15/AF/2/18/11/25/56', 'f'),
(172, '2018-09-15 12:40:40', 2, '100000', '15/AF/2/18/02/40/40', 'rombongan'),
(173, '2018-09-16 05:50:02', 2, '120000', '16/AF/2/18/07/50/02', 'r'),
(174, '2018-09-16 10:13:59', 2, '150000', '16/AF/2/18/12/13/59', 'oppa'),
(175, '2018-09-16 14:20:53', 2, '100000', '16/AF/2/18/04/20/53', 'rombongan firaun'),
(176, '2018-09-17 14:33:29', 2, '120000', '17/AF/2/18/04/33/29', '120000'),
(177, '2018-09-18 10:05:02', 2, '100000', '18/AF/2/18/12/05/02', 'd'),
(178, '2018-09-19 07:23:42', 2, '100000', '19/AF/2/18/09/23/42', 'kiki'),
(179, '2018-09-19 08:33:03', 2, '150000', '19/AF/2/18/10/33/03', 'd'),
(180, '2018-09-20 05:14:15', 2, '100000', '20/AF/2/18/07/14/15', 'kiki'),
(181, '2018-09-20 14:46:41', 2, '120000', '20/AF/2/18/04/46/41', 'ww'),
(182, '2018-09-21 06:59:14', 2, '220000', '21/AF/2/18/08/59/14', 'y'),
(183, '2018-09-21 14:57:39', 2, '100000', '21/AF/2/18/04/57/39', '1'),
(184, '2018-09-22 04:24:45', 2, '100000', '22/AF/2/18/06/24/45', 'b'),
(185, '2018-09-22 11:48:55', 2, '117000', '22/AF/2/18/01/48/55', 'jj'),
(186, '2018-09-22 13:36:43', 2, '120000', '22/AF/2/18/03/36/43', 'bos'),
(187, '2018-09-22 14:02:24', 2, '320000', '22/AF/2/18/04/02/24', 'w'),
(188, '2018-09-23 06:00:06', 2, '150000', '23/AF/2/18/08/00/06', 'f'),
(189, '2018-09-24 10:10:20', 2, '100000', '24/AF/2/18/12/10/20', 's'),
(190, '2018-09-24 14:40:03', 2, '200000', '24/AF/2/18/04/40/03', '200000'),
(191, '2018-09-24 15:37:07', 2, '441000', '24/AF/2/18/05/37/07', 'aa'),
(192, '2018-09-25 07:10:36', 2, '120000', '25/AF/2/18/09/10/36', 'guru'),
(193, '2018-09-25 09:28:23', 2, '120000', '25/AF/2/18/11/28/23', 'pedet'),
(194, '2018-09-25 10:01:55', 2, '150000', '25/AF/2/18/12/01/55', '150000'),
(195, '2018-09-26 07:20:19', 2, '117000', '26/AF/2/18/09/20/19', 'dd'),
(196, '2018-09-26 10:44:20', 2, '100000', '26/AF/2/18/12/44/20', 'fdg'),
(197, '2018-09-26 11:36:32', 2, '120000', '26/AF/2/18/01/36/32', 'jj'),
(198, '2018-09-27 03:41:41', 2, '130000', '27/AF/2/18/05/41/41', 'bb'),
(199, '2018-09-27 12:21:14', 2, '100000', '27/AF/2/18/02/21/14', 'f'),
(200, '2018-09-28 12:48:03', 2, '120000', '28/AF/2/18/02/48/03', 't'),
(201, '2018-09-28 12:48:34', 2, '180000', '28/AF/2/18/02/48/34', 'fddf'),
(202, '2018-09-28 12:54:07', 2, '200000', '28/AF/2/18/02/54/07', 'gf'),
(203, '2018-09-28 12:54:40', 2, '150000', '28/AF/2/18/02/54/40', 'gb'),
(204, '2018-09-28 13:23:00', 2, '240000', '28/AF/2/18/03/23/00', 'df'),
(205, '2018-09-29 04:50:16', 2, '100000', '29/AF/2/18/06/50/16', 'aa'),
(206, '2018-09-30 07:42:47', 2, '100000', '30/AF/2/18/09/42/47', 'u'),
(207, '2018-09-30 10:57:10', 2, '200000', '30/AF/2/18/12/57/10', 'aa'),
(208, '2018-09-30 12:43:22', 2, '150000', '30/AF/2/18/02/43/22', 'sitth'),
(209, '2018-09-30 13:45:53', 2, '120000', '30/AF/2/18/03/45/53', 'mas boy'),
(210, '2018-09-30 13:48:29', 2, '200000', '30/AF/2/18/03/48/29', 'mas boy'),
(211, '2018-09-30 14:37:06', 2, '120000', '30/AF/2/18/04/37/06', 'f'),
(212, '2018-10-01 04:14:14', 2, '120000', '01/AF/2/18/06/14/14', 'aa'),
(213, '2018-10-01 10:26:54', 2, '120000', '01/AF/2/18/12/26/54', 'aa'),
(214, '2018-10-01 13:44:30', 2, '150000', '01/AF/2/18/03/44/30', 'aa'),
(215, '2018-10-01 13:48:25', 2, '100000', '01/AF/2/18/03/48/25', 'aa'),
(216, '2018-10-01 14:07:53', 2, '120000', '01/AF/2/18/04/07/53', 'aa'),
(217, '2018-10-02 13:14:02', 2, '100000', '02/AF/2/18/03/14/02', 'aa'),
(218, '2018-10-02 14:49:21', 2, '120000', '02/AF/2/18/04/49/21', 'd'),
(219, '2018-10-03 05:16:36', 2, '120000', '03/AF/2/18/07/16/36', 'aa'),
(220, '2018-10-03 05:17:35', 2, '120000', '03/AF/2/18/07/17/35', 'aa'),
(221, '2018-10-03 09:05:28', 2, '320000', '03/AF/2/18/11/05/28', 'kiwong'),
(222, '2018-10-04 05:19:34', 2, '150000', '04/AF/2/18/07/19/34', 'babang'),
(223, '2018-10-04 12:49:50', 2, '180000', '04/AF/2/18/02/49/50', 'ytyhytg'),
(224, '2018-10-04 13:13:47', 2, '117000', '04/AF/2/18/03/13/47', 'aa'),
(225, '2018-10-06 08:34:47', 2, '150000', '06/AF/2/18/10/34/47', 'bocah'),
(226, '2018-10-06 09:21:16', 2, '100000', '06/AF/2/18/11/21/16', 'f'),
(227, '2018-10-07 13:44:59', 2, '99000', '07/AF/2/18/03/44/59', 'aa'),
(228, '2018-10-07 13:46:13', 2, '117000', '07/AF/2/18/03/46/13', 'aa'),
(229, '2018-10-08 08:44:57', 2, '100000', '08/AF/2/18/10/44/57', 'q'),
(230, '2018-10-08 15:36:06', 2, '200000', '08/AF/2/18/05/36/06', '200000'),
(231, '2018-10-09 10:03:55', 2, '200000', '09/AF/2/18/12/03/55', 'dd'),
(232, '2018-10-09 13:33:37', 2, '120000', '09/AF/2/18/03/33/37', 'qw'),
(233, '2018-10-11 10:28:56', 2, '250000', '11/AF/2/18/12/28/56', 'rewel'),
(234, '2018-10-12 08:48:15', 2, '120000', '12/AF/2/18/10/48/15', 'r'),
(235, '2018-10-12 14:56:47', 2, '100000', '12/AF/2/18/04/56/47', 'g'),
(236, '2018-10-12 14:57:17', 2, '120000', '12/AF/2/18/04/57/17', 'g'),
(237, '2018-10-12 14:57:45', 2, '120000', '12/AF/2/18/04/57/45', 'g'),
(238, '2018-10-12 15:01:03', 2, '150000', '12/AF/2/18/05/01/03', 'g'),
(239, '2018-10-13 11:03:47', 2, '100000', '13/AF/2/18/01/03/47', 'aa'),
(240, '2018-10-13 13:23:20', 2, '100000', '13/AF/2/18/03/23/20', 'd'),
(241, '2018-10-13 13:27:03', 2, '200000', '13/AF/2/18/03/27/03', 'kk'),
(242, '2018-10-13 13:52:21', 2, '300000', '13/AF/2/18/03/52/21', 're'),
(243, '2018-10-14 05:31:51', 2, '200000', '14/AF/2/18/07/31/51', 'aa'),
(244, '2018-10-14 06:57:23', 2, '150000', '14/AF/2/18/08/57/23', 'hj'),
(245, '2018-10-14 06:59:57', 2, '100000', '14/AF/2/18/08/59/57', 'aa'),
(246, '2018-10-14 10:26:22', 2, '200000', '14/AF/2/18/12/26/22', 'tteh'),
(247, '2018-10-14 14:09:21', 2, '200000', '14/AF/2/18/04/09/21', 'aa'),
(248, '2018-10-14 14:09:46', 2, '120000', '14/AF/2/18/04/09/46', 'aa'),
(249, '2018-10-14 14:58:58', 2, '120000', '14/AF/2/18/04/58/58', 'bo sayur'),
(250, '2018-10-14 14:59:33', 2, '200000', '14/AF/2/18/04/59/33', 'sayur'),
(251, '2018-10-15 10:34:14', 2, '150000', '15/AF/2/18/12/34/14', 'dr'),
(252, '2018-10-15 11:06:06', 2, '200000', '15/AF/2/18/01/06/06', 'er'),
(253, '2018-10-15 14:02:10', 2, '100000', '15/AF/2/18/04/02/10', 'tth'),
(254, '2018-10-16 13:24:33', 2, '200000', '16/AF/2/18/03/24/33', 'd'),
(255, '2018-10-17 11:58:17', 2, '120000', '17/AF/2/18/01/58/17', 'rtry'),
(257, '2018-10-17 14:53:32', 2, '400000', '17/AF/2/18/04/53/32', 'ibu lia'),
(258, '2018-10-17 14:55:46', 2, '540000', '17/AF/2/18/04/55/46', 'ibu lia'),
(259, '2018-10-18 08:13:41', 2, '120000', '18/AF/2/18/10/13/41', 'd'),
(260, '2018-10-18 08:14:36', 2, '100000', '18/AF/2/18/10/14/36', 'd'),
(261, '2018-10-19 07:16:59', 2, '120000', '19/AF/2/18/09/16/59', 'aa'),
(262, '2018-10-20 07:44:28', 2, '150000', '20/AF/2/18/09/44/28', '1'),
(263, '2018-10-20 07:45:18', 2, '120000', '20/AF/2/18/09/45/18', 'vb'),
(264, '2018-10-20 14:32:14', 2, '120000', '20/AF/2/18/04/32/14', 'aa'),
(265, '2018-10-23 05:10:28', 2, '130000', '23/AF/2/18/07/10/28', 'aa kebab'),
(266, '2018-10-23 13:20:44', 2, '150000', '23/AF/2/18/03/20/44', 'jabrinah'),
(267, '2018-10-24 07:50:55', 2, '150000', '24/AF/2/18/09/50/55', 'aa'),
(268, '2018-10-27 10:03:58', 2, '160000', '27/AF/2/18/12/03/58', '160000'),
(269, '2018-10-27 10:11:22', 2, '100000', '27/AF/2/18/12/11/22', 'df'),
(270, '2018-10-27 14:57:19', 2, '350000', '27/AF/2/18/04/57/19', 're'),
(271, '2018-10-27 15:09:36', 2, '100000', '27/AF/2/18/05/09/36', 'aa'),
(272, '2018-10-28 12:31:47', 2, '120000', '28/AF/2/18/01/31/47', 'a'),
(273, '2018-10-29 13:34:50', 2, '240000', '29/AF/2/18/02/34/50', 'si boss'),
(274, '2018-10-30 09:15:51', 2, '100000', '30/AF/2/18/10/15/51', 'aa'),
(275, '2018-10-30 12:22:40', 2, '130000', '30/AF/2/18/01/22/40', 'ibu'),
(276, '2018-10-30 13:46:05', 2, '99000', '30/AF/2/18/02/46/05', 'f'),
(277, '2018-10-30 13:53:01', 2, '265000', '30/AF/2/18/02/53/01', 'ff'),
(278, '2018-10-31 09:35:18', 2, '120000', '31/AF/2/18/10/35/18', 'd'),
(279, '2018-11-01 12:35:01', 2, '240000', '01/AF/2/18/01/35/01', 'q'),
(280, '2018-11-02 05:57:01', 2, '120000', '02/AF/2/18/06/57/01', 'g'),
(281, '2018-11-02 07:39:41', 2, '120000', '02/AF/2/18/08/39/41', 'r'),
(282, '2018-11-04 09:13:45', 2, '360000', '04/AF/2/18/10/13/45', 'f'),
(283, '2018-11-04 09:31:22', 2, '150000', '04/AF/2/18/10/31/22', 'gg'),
(284, '2018-11-05 10:04:58', 2, '200000', '05/AF/2/18/11/04/58', 'rfe'),
(285, '2018-11-05 10:05:18', 2, '100000', '05/AF/2/18/11/05/18', 'g'),
(286, '2018-11-08 13:13:59', 2, '117000', '08/AF/2/18/02/13/59', 'rempong'),
(287, '2018-11-09 06:47:07', 2, '120000', '09/AF/2/18/07/47/07', 'menes'),
(288, '2018-11-09 11:56:46', 2, '220000', '09/AF/2/18/12/56/46', 'asep'),
(289, '2018-11-10 09:17:52', 2, '200000', '10/AF/2/18/10/17/52', 're'),
(290, '2018-11-10 15:50:34', 2, '80000', '10/AF/2/18/04/50/34', 'vv'),
(291, '2018-11-10 15:51:03', 2, '250000', '10/AF/2/18/04/51/03', 'vv'),
(292, '2018-11-11 13:10:37', 2, '150000', '11/AF/2/18/02/10/37', 'raja'),
(293, '2018-11-11 13:28:23', 2, '120000', '11/AF/2/18/02/28/23', 'vixsen'),
(294, '2018-11-11 15:07:05', 2, '150000', '11/AF/2/18/04/07/05', 'bakso'),
(295, '2018-11-11 15:08:01', 2, '100000', '11/AF/2/18/04/08/01', 'aa'),
(296, '2018-11-11 15:21:13', 2, '117000', '11/AF/2/18/04/21/13', 'FER'),
(297, '2018-11-12 14:49:17', 2, '100000', '12/AF/2/18/03/49/17', 'aa'),
(298, '2018-11-13 13:04:36', 2, '120000', '13/AF/2/18/02/04/36', 'aa'),
(299, '2018-11-14 04:42:07', 2, '80000', '14/AF/2/18/05/42/07', 'botak'),
(300, '2018-11-14 06:10:14', 2, '90000', '14/AF/2/18/07/10/13', 'smk'),
(301, '2018-11-14 13:48:57', 2, '96000', '14/AF/2/18/02/48/57', 'aa'),
(302, '2018-11-15 05:14:37', 2, '200000', '15/AF/2/18/06/14/37', 'jamal'),
(303, '2018-11-15 09:40:16', 2, '200000', '15/AF/2/18/10/40/16', 'sopik'),
(304, '2018-11-15 13:52:43', 2, '216000', '15/AF/2/18/02/52/43', 'saluri'),
(305, '2018-11-15 13:53:18', 2, '200000', '15/AF/2/18/02/53/18', 'saluri'),
(306, '2018-11-15 15:36:50', 2, '120000', '15/AF/2/18/04/36/50', 'ulur'),
(307, '2018-11-18 10:02:24', 2, '96000', '18/AF/2/18/11/02/24', 'ee'),
(308, '2018-11-18 14:19:28', 2, '200000', '18/AF/2/18/03/19/28', 'naldi'),
(309, '2018-11-19 12:00:07', 2, '200000', '19/AF/2/18/01/00/07', 'aa'),
(310, '2018-11-19 14:41:56', 2, '100000', '19/AF/2/18/03/41/56', 'aa'),
(311, '2018-11-20 11:53:23', 2, '96000', '20/AF/2/18/12/53/23', 'aa'),
(312, '2018-11-20 12:00:58', 2, '192000', '20/AF/2/18/01/00/58', 'aa'),
(313, '2018-11-20 12:49:27', 2, '96000', '20/AF/2/18/01/49/27', 'aa'),
(314, '2018-11-20 15:10:57', 2, '165000', '20/AF/2/18/04/10/57', 'aa'),
(315, '2018-11-21 08:07:07', 2, '96000', '21/AF/2/18/09/07/07', 'aa'),
(316, '2018-11-22 09:01:03', 2, '96000', '22/AF/2/18/10/01/03', 'aa'),
(317, '2018-11-23 02:32:03', 2, '296000', '23/AF/2/18/03/32/03', 'agung'),
(318, '2018-11-23 08:12:30', 2, '96000', '23/AF/2/18/09/12/30', 'ee'),
(319, '2018-11-23 09:29:42', 2, '296000', '23/AF/2/18/10/29/42', 'bagus'),
(320, '2018-11-24 14:42:58', 2, '120000', '24/AF/2/18/03/42/58', 'teguh'),
(321, '2018-11-25 03:29:18', 2, '200000', '25/AF/2/18/04/29/18', 'ilham G'),
(322, '2018-11-25 06:20:14', 2, '192000', '25/AF/2/18/07/20/14', 'isma'),
(323, '2018-11-25 11:54:29', 2, '96000', '25/AF/2/18/12/54/29', 'aa'),
(324, '2018-11-26 14:02:10', 2, '192000', '26/AF/2/18/03/02/10', 'firdaus'),
(325, '2018-11-28 10:35:42', 2, '96000', '28/AF/2/18/11/35/42', 'wardiana'),
(326, '2018-11-28 13:37:57', 2, '96000', '28/AF/2/18/02/37/57', 'aa'),
(327, '2018-11-28 13:38:36', 2, '96000', '28/AF/2/18/02/38/36', 'aa'),
(328, '2018-11-29 07:11:57', 2, '96000', '29/AF/2/18/08/11/57', 'bocah'),
(329, '2018-11-30 03:30:17', 2, '160000', '30/AF/2/18/04/30/17', 'aa'),
(331, '2018-11-30 03:36:23', 2, '160000', '30/AF/2/18/04/36/23', 'aa'),
(332, '2018-12-01 10:55:51', 2, '108000', '01/AF/2/18/11/55/51', 'aa'),
(333, '2018-12-01 12:08:16', 2, '200000', '01/AF/2/18/01/08/16', 'aa'),
(334, '2018-12-02 08:56:57', 2, '130000', '02/AF/2/18/09/56/57', 'afriadi'),
(335, '2018-12-02 10:14:49', 2, '200000', '02/AF/2/18/11/14/49', 'nela'),
(336, '2018-12-04 05:16:00', 2, '100000', '04/AF/2/18/06/16/00', 'kafi'),
(337, '2018-12-05 08:48:09', 2, '240000', '05/AF/2/18/09/48/09', 'aa'),
(338, '2018-12-05 09:30:56', 2, '104000', '05/AF/2/18/10/30/56', 'tian'),
(339, '2018-12-06 04:37:08', 2, '120000', '06/AF/2/18/05/37/08', 'aa'),
(340, '2018-12-06 04:39:02', 2, '108000', '06/AF/2/18/05/39/02', '108000'),
(341, '2018-12-06 06:18:36', 2, '96000', '06/AF/2/18/07/18/36', 'aa'),
(342, '2018-12-06 06:26:44', 2, '250000', '06/AF/2/18/07/26/44', 'aa'),
(343, '2018-12-06 13:33:59', 2, '240000', '06/AF/2/18/02/33/59', 'aa'),
(344, '2018-12-08 13:07:19', 2, '320000', '08/AF/2/18/02/07/19', 'raka'),
(345, '2018-12-09 09:20:22', 2, '200000', '09/AF/2/18/10/20/22', 'rian'),
(346, '2018-12-09 12:11:13', 2, '150000', '09/AF/2/18/01/11/13', 'raka'),
(347, '2018-12-09 12:14:47', 2, '300000', '09/AF/2/18/01/14/47', 'KEFIN'),
(348, '2018-12-09 12:27:21', 2, '150000', '09/AF/2/18/01/27/21', 'aa'),
(349, '2018-12-09 14:19:49', 2, '240000', '09/AF/2/18/03/19/49', 'ramadhan'),
(351, '2018-12-10 03:29:56', 2, '130000', '10/AF/2/18/04/29/56', 'f'),
(352, '2018-12-10 03:30:21', 2, '200000', '10/AF/2/18/04/30/21', 'aa'),
(353, '2018-12-10 10:16:01', 2, '120000', '10/AF/2/18/11/16/01', 'adit'),
(354, '2018-12-11 09:55:19', 2, '300000', '11/AF/2/18/10/55/19', 'yayat'),
(355, '2018-12-14 12:43:58', 2, '250000', '14/AF/2/18/01/43/58', 'aa'),
(356, '2018-12-15 06:41:52', 2, '200000', '15/AF/2/18/07/41/52', 'aa'),
(357, '2018-12-15 14:14:20', 2, '120000', '15/AF/2/18/03/14/20', 'aa'),
(358, '2018-12-16 08:28:52', 2, '120000', '16/AF/2/18/09/28/52', 'aa'),
(359, '2018-12-16 09:08:23', 2, '120000', '16/AF/2/18/10/08/23', 'aa'),
(360, '2018-12-16 10:07:42', 2, '250000', '16/AF/2/18/11/07/42', 'VIRZA'),
(361, '2018-12-16 12:46:00', 2, '120000', '16/AF/2/18/01/46/00', 'yosef'),
(362, '2018-12-17 05:05:47', 2, '96000', '17/AF/2/18/06/05/47', 'aa'),
(363, '2018-12-18 13:33:27', 2, '120000', '18/AF/2/18/02/33/27', 'muhy'),
(364, '2018-12-19 08:01:59', 2, '200000', '19/AF/2/18/09/01/59', 'dika'),
(365, '2018-12-19 11:57:10', 2, '120000', '19/AF/2/18/12/57/10', 'aa'),
(366, '2018-12-20 04:28:21', 2, '270000', '20/AF/2/18/05/28/21', 'ilham '),
(367, '2018-12-20 05:06:38', 2, '100000', '20/AF/2/18/06/06/38', 'aa'),
(368, '2018-12-20 07:39:58', 2, '120000', '20/AF/2/18/08/39/58', 'sikancil'),
(369, '2018-12-20 15:31:01', 2, '200000', '20/AF/2/18/04/31/01', 'aa'),
(370, '2018-12-21 13:10:37', 2, '96000', '21/AF/2/18/02/10/37', 'aa'),
(371, '2018-12-22 04:51:31', 2, '120000', '22/AF/2/18/05/51/31', 'aa'),
(372, '2018-12-22 08:38:10', 2, '108000', '22/AF/2/18/09/38/10', 'aa'),
(373, '2018-12-22 11:16:29', 2, '200000', '22/AF/2/18/12/16/29', 'aa'),
(374, '2018-12-22 12:14:57', 2, '120000', '22/AF/2/18/01/14/57', 'aa'),
(375, '2018-12-23 06:16:31', 2, '120000', '23/AF/2/18/07/16/31', 'aa'),
(376, '2018-12-24 10:07:12', 2, '96000', '24/AF/2/18/11/07/12', 'f'),
(377, '2018-12-24 13:04:02', 2, '96000', '24/AF/2/18/02/04/02', 'aa'),
(378, '2018-12-28 04:20:51', 2, '120000', '28/AF/2/18/05/20/51', 'bila'),
(379, '2018-12-28 04:24:00', 2, '200000', '28/AF/2/18/05/24/00', 'bila'),
(380, '2018-12-28 04:25:11', 2, '96000', '28/AF/2/18/05/25/11', 'bila'),
(381, '2018-12-28 07:02:48', 2, '96000', '28/AF/2/18/08/02/48', 'bila'),
(382, '2018-12-28 14:22:11', 2, '96000', '28/AF/2/18/03/22/11', 'bila'),
(383, '2019-01-03 13:42:04', 2, '120000', '03/AF/2/19/02/42/04', 'gugun'),
(384, '2019-01-04 13:09:12', 2, '180000', '04/AF/2/19/02/09/12', 'aa'),
(385, '2019-01-04 14:47:35', 2, '96000', '04/AF/2/19/03/47/35', 'aa'),
(386, '2019-01-04 15:00:33', 2, '200000', '04/AF/2/19/04/00/33', 'aa'),
(387, '2019-01-04 15:21:49', 2, '96000', '04/AF/2/19/04/21/49', 'bokay'),
(388, '2019-01-05 07:46:27', 2, '130000', '05/AF/2/19/08/46/27', 'riki'),
(389, '2019-01-05 14:26:07', 2, '234000', '05/AF/2/19/03/26/07', 'ayu'),
(390, '2019-01-05 14:38:31', 2, '130000', '05/AF/2/19/03/38/31', 'aa'),
(391, '2019-01-08 08:33:13', 2, '225000', '08/AF/2/19/09/33/13', 'ardi'),
(392, '2019-01-08 13:51:58', 2, '300000', '08/AF/2/19/02/51/58', 'febi'),
(393, '2019-01-09 10:51:03', 2, '240000', '09/AF/2/19/11/51/03', 'hadi'),
(394, '2019-01-09 14:11:44', 2, '96000', '09/AF/2/19/03/11/44', 'acil'),
(395, '2019-01-10 08:09:03', 2, '96000', '10/AF/2/19/09/09/03', 'aa'),
(397, '2019-01-10 12:33:20', 2, '120000', '10/AF/2/19/01/33/20', 'erfin'),
(398, '2019-01-10 12:39:16', 2, '108000', '10/AF/2/19/01/39/16', 'erfin'),
(399, '2019-01-10 12:50:02', 2, '200000', '10/AF/2/19/01/50/02', 'yani'),
(400, '2019-01-11 13:26:51', 2, '130000', '11/AF/2/19/02/26/51', 'dadan'),
(401, '2019-01-11 14:52:53', 2, '120000', '11/AF/2/19/03/52/53', 'fuji'),
(402, '2019-01-12 10:51:12', 2, '108000', '12/AF/2/19/11/51/12', 'aa'),
(403, '2019-01-12 12:39:33', 2, '216000', '12/AF/2/19/01/39/33', 'edi'),
(404, '2019-01-12 14:27:37', 2, '120000', '12/AF/2/19/03/27/37', 'aa'),
(405, '2019-01-13 08:28:51', 2, '207000', '13/AF/2/19/09/28/51', 'mpempe'),
(406, '2019-01-13 12:28:59', 2, '120000', '13/AF/2/19/01/28/59', 'qyu'),
(407, '2019-01-13 12:49:55', 2, '330000', '13/AF/2/19/01/49/55', '330000'),
(408, '2019-01-14 12:30:04', 2, '130000', '14/AF/2/19/01/30/04', 'haikal'),
(409, '2019-01-15 14:58:27', 2, '150000', '15/AF/2/19/03/58/27', 'amel'),
(410, '2019-01-15 15:49:56', 2, '117000', '15/AF/2/19/04/49/56', 'bencong laknat'),
(411, '2019-01-17 11:29:24', 2, '120000', '17/AF/2/19/12/29/24', 'aa'),
(412, '2019-01-18 10:19:13', 2, '0', '18/AF/2/19/11/19/13', 'aa'),
(413, '2019-01-18 12:03:18', 2, '150000', '18/AF/2/19/01/03/18', 'pk sugianto'),
(414, '2019-01-19 05:47:32', 2, '120000', '19/AF/2/19/06/47/32', 'andika'),
(415, '2019-01-19 09:18:58', 2, '130000', '19/AF/2/19/10/18/58', 'yayan'),
(416, '2019-01-19 11:36:49', 2, '200000', '19/AF/2/19/12/36/49', 'dava'),
(417, '2019-01-19 15:03:27', 2, '120000', '19/AF/2/19/04/03/27', 'rama'),
(418, '2019-01-20 04:49:33', 2, '120000', '20/AF/2/19/05/49/33', 'aa'),
(419, '2019-01-20 06:36:56', 2, '150000', '20/AF/2/19/07/36/56', 'nopi'),
(420, '2019-01-20 13:36:57', 2, '120000', '20/AF/2/19/02/36/57', 'aa'),
(421, '2019-01-20 13:39:42', 2, '120000', '20/AF/2/19/02/39/42', 'aa'),
(422, '2019-01-20 13:41:53', 2, '120000', '20/AF/2/19/02/41/53', 'iwan'),
(423, '2019-01-20 13:43:38', 2, '108000', '20/AF/2/19/02/43/38', 'aa'),
(424, '2019-01-21 10:43:01', 2, '150000', '21/AF/2/19/11/43/01', 'yadi'),
(425, '2019-01-22 08:24:05', 2, '200000', '22/AF/2/19/09/24/05', 'aa'),
(426, '2019-01-22 14:46:16', 2, '130000', '22/AF/2/19/03/46/16', 'boyan'),
(427, '2019-01-23 04:32:28', 2, '450000', '23/AF/2/19/05/32/28', 'aa'),
(428, '2019-01-23 11:50:23', 2, '540000', '23/AF/2/19/12/50/23', 'a'),
(429, '2019-01-24 02:20:49', 2, '120000', '24/AF/2/19/03/20/49', 'ilham '),
(430, '2019-01-24 05:41:07', 2, '200000', '24/AF/2/19/06/41/07', 'ibu'),
(431, '2019-01-24 12:26:05', 2, '250000', '24/AF/2/19/01/26/05', 'M rizki'),
(432, '2019-01-25 03:05:49', 2, '120000', '25/AF/2/19/04/05/49', 'airanto'),
(433, '2019-01-25 07:56:18', 2, '360000', '25/AF/2/19/08/56/18', 'putra'),
(434, '2019-01-25 14:35:19', 2, '200000', '25/AF/2/19/03/35/19', 'rizal'),
(435, '2019-01-26 04:45:42', 2, '96000', '26/AF/2/19/05/45/42', 'si kece'),
(436, '2019-01-26 07:40:01', 2, '250000', '26/AF/2/19/08/40/01', 'teguh'),
(437, '2019-01-27 02:59:49', 2, '120000', '27/AF/2/19/03/59/49', 'dani'),
(438, '2019-01-27 05:07:50', 2, '120000', '27/AF/2/19/06/07/50', 'iyuss'),
(439, '2019-01-27 13:20:55', 2, '130000', '27/AF/2/19/02/20/55', 'M rifqi'),
(440, '2019-01-29 08:18:40', 2, '130000', '29/AF/2/19/09/18/40', 'gagah'),
(441, '2019-01-30 08:10:46', 2, '100000', '30/AF/2/19/09/10/46', 'sanjay'),
(442, '2019-01-30 12:37:33', 2, '108000', '30/AF/2/19/01/37/33', '1'),
(443, '2019-02-01 09:19:22', 2, '440000', '01/AF/2/19/10/19/22', 'iveng'),
(444, '2019-02-02 05:59:38', 2, '130000', '02/AF/2/19/06/59/38', 'a'),
(445, '2019-02-02 13:40:22', 2, '240000', '02/AF/2/19/02/40/22', 'abang'),
(446, '2019-02-02 15:14:44', 2, '200000', '02/AF/2/19/04/14/44', 'rohman'),
(447, '2019-02-03 06:20:07', 2, '120000', '03/AF/2/19/07/20/07', 'adi'),
(448, '2019-02-03 08:58:11', 2, '396000', '03/AF/2/19/09/58/11', 'oboy'),
(449, '2019-02-03 13:56:43', 2, '120000', '03/AF/2/19/02/56/43', 'riza'),
(450, '2019-02-04 06:29:32', 2, '180000', '04/AF/2/19/07/29/32', 'aa'),
(451, '2019-02-04 06:32:16', 2, '120000', '04/AF/2/19/07/32/16', 'aprilia'),
(452, '2019-02-14 15:08:41', 2, '520000', '14/AF/2/19/04/08/41', 'a'),
(453, '2019-02-14 15:09:46', 2, '400000', '14/AF/2/19/04/09/46', 'a'),
(454, '2019-02-14 15:10:23', 2, '450000', '14/AF/2/19/04/10/23', '450000'),
(455, '2019-02-14 15:11:26', 2, '130000', '14/AF/2/19/04/11/26', 'a'),
(456, '2019-02-14 15:13:46', 2, '740000', '14/AF/2/19/04/13/46', 'f'),
(457, '2019-02-14 15:15:07', 2, '216000', '14/AF/2/19/04/15/07', 'a'),
(458, '2019-02-14 15:17:16', 2, '790000', '14/AF/2/19/04/17/16', 'q'),
(459, '2019-02-14 15:19:08', 2, '510000', '14/AF/2/19/04/19/08', 'ss'),
(460, '2019-02-15 11:54:27', 2, '100000', '15/AF/2/19/12/54/27', 'rasar'),
(461, '2019-02-15 15:30:11', 2, '120000', '15/AF/2/19/04/30/11', 'a');

-- --------------------------------------------------------

--
-- Table structure for table `user`
--

CREATE TABLE `user` (
  `id` int(11) NOT NULL,
  `username` varchar(100) NOT NULL,
  `password` text NOT NULL,
  `status` int(11) NOT NULL,
  `date_created` timestamp NOT NULL DEFAULT CURRENT_TIMESTAMP ON UPDATE CURRENT_TIMESTAMP
) ENGINE=InnoDB DEFAULT CHARSET=latin1;

--
-- Dumping data for table `user`
--

INSERT INTO `user` (`id`, `username`, `password`, `status`, `date_created`) VALUES
(1, 'Arrestyan', '63d5c4844f5245a581b2a5b5aa901f1555fad027', 1, '2017-12-12 00:44:45'),
(2, 'Kasir1', 'f5e7f16b3199a23e5830912c2a36641dff4daa50', 2, '2017-12-17 09:52:27'),
(3, 'Nidar', '522e737b0f6277c3c38b430727e5a0ce9446dbf4', 1, '2018-09-09 04:36:22');

--
-- Indexes for dumped tables
--

--
-- Indexes for table `barang`
--
ALTER TABLE `barang`
  ADD PRIMARY KEY (`id_barang`);

--
-- Indexes for table `kategori`
--
ALTER TABLE `kategori`
  ADD PRIMARY KEY (`id_kategori`);

--
-- Indexes for table `sub_transaksi`
--
ALTER TABLE `sub_transaksi`
  ADD PRIMARY KEY (`id_subtransaksi`);

--
-- Indexes for table `tempo`
--
ALTER TABLE `tempo`
  ADD PRIMARY KEY (`id_subtransaksi`);

--
-- Indexes for table `transaksi`
--
ALTER TABLE `transaksi`
  ADD PRIMARY KEY (`id_transaksi`);

--
-- Indexes for table `user`
--
ALTER TABLE `user`
  ADD PRIMARY KEY (`id`);

--
-- AUTO_INCREMENT for dumped tables
--

--
-- AUTO_INCREMENT for table `kategori`
--
ALTER TABLE `kategori`
  MODIFY `id_kategori` int(11) NOT NULL AUTO_INCREMENT, AUTO_INCREMENT=27;
--
-- AUTO_INCREMENT for table `sub_transaksi`
--
ALTER TABLE `sub_transaksi`
  MODIFY `id_subtransaksi` int(11) NOT NULL AUTO_INCREMENT, AUTO_INCREMENT=574;
--
-- AUTO_INCREMENT for table `tempo`
--
ALTER TABLE `tempo`
  MODIFY `id_subtransaksi` int(11) NOT NULL AUTO_INCREMENT, AUTO_INCREMENT=3;
--
-- AUTO_INCREMENT for table `transaksi`
--
ALTER TABLE `transaksi`
  MODIFY `id_transaksi` int(11) NOT NULL AUTO_INCREMENT, AUTO_INCREMENT=462;
--
-- AUTO_INCREMENT for table `user`
--
ALTER TABLE `user`
  MODIFY `id` int(11) NOT NULL AUTO_INCREMENT, AUTO_INCREMENT=4;COMMIT;

/*!40101 SET CHARACTER_SET_CLIENT=@OLD_CHARACTER_SET_CLIENT */;
/*!40101 SET CHARACTER_SET_RESULTS=@OLD_CHARACTER_SET_RESULTS */;
/*!40101 SET COLLATION_CONNECTION=@OLD_COLLATION_CONNECTION */;
